{"guzman_2015": {"test_loss": 0.4060226380825043, "test_accuracy": 0.9213226909920182, "test_f1": 0.028169014084507043, "test_precision": 1.0, "test_recall": 0.014285714285714285, "test_roc_auc": 0.7041954328199681, "test_runtime": 2.0458, "test_samples_per_second": 428.674, "test_steps_per_second": 6.843}, "scalabrino_2017_RQ1": {"test_loss": 0.5574924349784851, "test_accuracy": 0.8929765886287625, "test_f1": 0.0, "test_precision": 0.0, "test_recall": 0.0, "test_roc_auc": 0.6819631680308136, "test_runtime": 1.4073, "test_samples_per_second": 424.913, "test_steps_per_second": 7.106}, "scalabrino_2017_RQ3": {"test_loss": 1.3515961170196533, "test_accuracy": 0.7464788732394366, "test_f1": 0.0, "test_precision": 0.0, "test_recall": 0.0, "test_roc_auc": 0.6750524109014675, "test_runtime": 0.2598, "test_samples_per_second": 546.64, "test_steps_per_second": 11.549}, "maalej_2016": {"test_loss": 0.40826335549354553, "test_accuracy": 0.9309815950920245, "test_f1": 0.0, "test_precision": 0.0, "test_recall": 0.0, "test_roc_auc": 0.5946183415705657, "test_runtime": 1.1605, "test_samples_per_second": 561.823, "test_steps_per_second": 9.479}, "williams_2017": {"test_loss": 1.430853247642517, "test_accuracy": 0.7442455242966752, "test_f1": 0.0, "test_precision": 0.0, "test_recall": 0.0, "test_roc_auc": 0.6460309278350516, "test_runtime": 0.5354, "test_samples_per_second": 1460.575, "test_steps_per_second": 24.281}}