{"scalabrino_2017_RQ3": {"test_loss": 0.6818407773971558, "test_accuracy": 0.5855263157894737, "test_f1": 0.7385892116182573, "test_precision": 0.5855263157894737, "test_recall": 1.0, "test_roc_auc": 0.555912252541466, "test_runtime": 0.2322, "test_samples_per_second": 654.589, "test_steps_per_second": 12.92}}