{"scalabrino_2017_RQ1": {"test_loss": 0.20558908581733704, "test_accuracy": 0.9180602006688964, "test_f1": 0.5811965811965812, "test_precision": 0.6181818181818182, "test_recall": 0.5483870967741935, "test_roc_auc": 0.9117416947520464, "test_runtime": 0.9242, "test_samples_per_second": 647.08, "test_steps_per_second": 10.821}, "scalabrino_2017_RQ3": {"test_loss": 0.6698925495147705, "test_accuracy": 0.8309859154929577, "test_f1": 0.5384615384615384, "test_precision": 0.7777777777777778, "test_recall": 0.4117647058823529, "test_roc_auc": 0.7257625272331154, "test_runtime": 0.2603, "test_samples_per_second": 545.457, "test_steps_per_second": 11.524}, "maalej_2016": {"test_loss": 0.5063076019287109, "test_accuracy": 0.8819444444444444, "test_f1": 0.15, "test_precision": 0.3, "test_recall": 0.1, "test_roc_auc": 0.6166666666666667, "test_runtime": 0.6767, "test_samples_per_second": 425.575, "test_steps_per_second": 7.388}, "tizard_2019": {"test_loss": 0.26838162541389465, "test_accuracy": 0.8980716253443526, "test_f1": 0.11904761904761904, "test_precision": 0.0847457627118644, "test_recall": 0.2, "test_roc_auc": 0.6316690442225393, "test_runtime": 1.2473, "test_samples_per_second": 582.039, "test_steps_per_second": 9.62}, "williams_2017": {"test_loss": 0.7725428938865662, "test_accuracy": 0.7800511508951407, "test_f1": 0.17307692307692307, "test_precision": 0.5806451612903226, "test_recall": 0.1016949152542373, "test_roc_auc": 0.6795442872484476, "test_runtime": 0.5491, "test_samples_per_second": 1424.072, "test_steps_per_second": 23.674}}