{"ciurumelea_2017": {"test_loss": 0.47183656692504883, "test_accuracy": 0.8913738019169329, "test_f1": 0.8380952380952381, "test_precision": 0.822429906542056, "test_recall": 0.8543689320388349, "test_roc_auc": 0.935460009246417, "test_runtime": 0.691, "test_samples_per_second": 452.953, "test_steps_per_second": 7.236}}