{"guzman_2015": {"test_loss": 0.3389228582382202, "test_accuracy": 0.863169897377423, "test_f1": 0.368421052631579, "test_precision": 0.3431372549019608, "test_recall": 0.3977272727272727, "test_roc_auc": 0.820543841456389, "test_runtime": 2.0415, "test_samples_per_second": 429.587, "test_steps_per_second": 6.858}, "scalabrino_2017_RQ3": {"test_loss": 0.8109513521194458, "test_accuracy": 0.7535211267605634, "test_f1": 0.28571428571428564, "test_precision": 0.4666666666666667, "test_recall": 0.20588235294117646, "test_roc_auc": 0.6427015250544662, "test_runtime": 0.2672, "test_samples_per_second": 531.483, "test_steps_per_second": 11.229}, "maalej_2016": {"test_loss": 0.4135589003562927, "test_accuracy": 0.8558282208588958, "test_f1": 0.21666666666666665, "test_precision": 0.2, "test_recall": 0.23636363636363636, "test_roc_auc": 0.7476777828536623, "test_runtime": 1.5305, "test_samples_per_second": 426.005, "test_steps_per_second": 7.187}, "tizard_2019": {"test_loss": 0.2843545079231262, "test_accuracy": 0.8911845730027548, "test_f1": 0.13186813186813184, "test_precision": 0.09090909090909091, "test_recall": 0.24, "test_roc_auc": 0.6340085592011413, "test_runtime": 1.2432, "test_samples_per_second": 583.976, "test_steps_per_second": 9.652}, "williams_2017": {"test_loss": 0.7957568764686584, "test_accuracy": 0.717391304347826, "test_f1": 0.20216606498194947, "test_precision": 0.28, "test_recall": 0.15819209039548024, "test_roc_auc": 0.5891861605266845, "test_runtime": 0.5475, "test_samples_per_second": 1428.352, "test_steps_per_second": 23.745}}