{"guzman_2015": {"test_loss": 0.5881681442260742, "test_accuracy": 0.6476624857468644, "test_f1": 0.30248306997742663, "test_precision": 0.18873239436619718, "test_recall": 0.7613636363636364, "test_roc_auc": 0.7684929139301764, "test_runtime": 2.0379, "test_samples_per_second": 430.347, "test_steps_per_second": 6.87}, "scalabrino_2017_RQ1": {"test_loss": 0.5954797863960266, "test_accuracy": 0.6454849498327759, "test_f1": 0.33333333333333326, "test_precision": 0.20703125, "test_recall": 0.8548387096774194, "test_roc_auc": 0.7878249879634088, "test_runtime": 0.9223, "test_samples_per_second": 648.394, "test_steps_per_second": 10.843}, "scalabrino_2017_RQ3": {"test_loss": 0.7796244621276855, "test_accuracy": 0.5704225352112676, "test_f1": 0.41904761904761906, "test_precision": 0.30985915492957744, "test_recall": 0.6470588235294118, "test_roc_auc": 0.6418845315904138, "test_runtime": 0.2607, "test_samples_per_second": 544.664, "test_steps_per_second": 11.507}, "maalej_2016": {"test_loss": 0.5303213596343994, "test_accuracy": 0.6825153374233128, "test_f1": 0.2787456445993032, "test_precision": 0.1724137931034483, "test_recall": 0.7272727272727273, "test_roc_auc": 0.7787726511344601, "test_runtime": 1.5292, "test_samples_per_second": 426.36, "test_steps_per_second": 7.193}, "tizard_2019": {"test_loss": 0.6936368346214294, "test_accuracy": 0.6088154269972452, "test_f1": 0.10691823899371071, "test_precision": 0.05802047781569966, "test_recall": 0.68, "test_roc_auc": 0.6767475035663338, "test_runtime": 1.2465, "test_samples_per_second": 582.417, "test_steps_per_second": 9.627}}