{"ciurumelea_2017": {"test_loss": 0.7873846888542175, "test_accuracy": 0.28753993610223644, "test_f1": 0.44665012406947896, "test_precision": 0.28753993610223644, "test_recall": 1.0, "test_roc_auc": 0.5510214250124564, "test_runtime": 0.3967, "test_samples_per_second": 788.936, "test_steps_per_second": 12.603}, "guzman_2015": {"test_loss": 0.8209778070449829, "test_accuracy": 0.20410490307867732, "test_f1": 0.33901515151515155, "test_precision": 0.20410490307867732, "test_recall": 1.0, "test_roc_auc": 0.6112356133245826, "test_runtime": 2.0459, "test_samples_per_second": 428.653, "test_steps_per_second": 6.843}, "scalabrino_2017_RQ1": {"test_loss": 0.8109831809997559, "test_accuracy": 0.22909698996655517, "test_f1": 0.3727891156462585, "test_precision": 0.22909698996655517, "test_recall": 1.0, "test_roc_auc": 0.5949775955159365, "test_runtime": 1.421, "test_samples_per_second": 420.823, "test_steps_per_second": 7.037}, "maalej_2016": {"test_loss": 0.861957848072052, "test_accuracy": 0.08333333333333333, "test_f1": 0.15384615384615385, "test_precision": 0.08333333333333333, "test_recall": 1.0, "test_roc_auc": 0.5797032828282829, "test_runtime": 0.6926, "test_samples_per_second": 415.845, "test_steps_per_second": 7.22}, "tizard_2019": {"test_loss": 0.8643249869346619, "test_accuracy": 0.1115702479338843, "test_f1": 0.20074349442379183, "test_precision": 0.1115702479338843, "test_recall": 1.0, "test_roc_auc": 0.6258780744568858, "test_runtime": 1.2405, "test_samples_per_second": 585.235, "test_steps_per_second": 9.673}, "williams_2017": {"test_loss": 0.804956316947937, "test_accuracy": 0.2864450127877238, "test_f1": 0.4453280318091451, "test_precision": 0.2864450127877238, "test_recall": 1.0, "test_roc_auc": 0.5267737135176651, "test_runtime": 0.4896, "test_samples_per_second": 1597.313, "test_steps_per_second": 26.554}}