{"ciurumelea_2017": {"test_loss": 1.2742983102798462, "test_accuracy": 0.8050847457627118, "test_f1": 0.8188976377952757, "test_precision": 0.7878787878787878, "test_recall": 0.8524590163934426, "test_roc_auc": 0.8723037100949095, "test_runtime": 0.1628, "test_samples_per_second": 724.991, "test_steps_per_second": 12.288}}