{"scalabrino_2017_RQ3": {"test_loss": 1.3455352783203125, "test_accuracy": 0.8098591549295775, "test_f1": 0.8656716417910448, "test_precision": 0.8446601941747572, "test_recall": 0.8877551020408163, "test_roc_auc": 0.7993970315398886, "test_runtime": 0.2744, "test_samples_per_second": 517.556, "test_steps_per_second": 10.934}}