{"ciurumelea_2017": {"test_loss": 0.37251999974250793, "test_accuracy": 0.8854415274463007, "test_f1": 0.7647058823529411, "test_precision": 0.8764044943820225, "test_recall": 0.6782608695652174, "test_roc_auc": 0.9120995423340962, "test_runtime": 0.7312, "test_samples_per_second": 573.0, "test_steps_per_second": 9.573}, "guzman_2015": {"test_loss": 0.24022553861141205, "test_accuracy": 0.8978278358809332, "test_f1": 0.7146067415730336, "test_precision": 0.62109375, "test_recall": 0.8412698412698413, "test_roc_auc": 0.9437667540134334, "test_runtime": 2.9604, "test_samples_per_second": 419.878, "test_steps_per_second": 6.756}, "scalabrino_2017_RQ1": {"test_loss": 0.18911778926849365, "test_accuracy": 0.9302325581395349, "test_f1": 0.8516483516483517, "test_precision": 0.8333333333333334, "test_recall": 0.8707865168539326, "test_roc_auc": 0.9723814191991553, "test_runtime": 1.8686, "test_samples_per_second": 414.213, "test_steps_per_second": 6.957}, "scalabrino_2017_RQ3": {"test_loss": 0.49993544816970825, "test_accuracy": 0.7692307692307693, "test_f1": 0.689655172413793, "test_precision": 0.7407407407407407, "test_recall": 0.6451612903225806, "test_roc_auc": 0.8785175017158545, "test_runtime": 0.1665, "test_samples_per_second": 468.439, "test_steps_per_second": 12.011}, "maalej_2016": {"test_loss": 0.5874464511871338, "test_accuracy": 0.7810457516339869, "test_f1": 0.27956989247311825, "test_precision": 0.2, "test_recall": 0.4642857142857143, "test_roc_auc": 0.7190390544707093, "test_runtime": 0.7317, "test_samples_per_second": 418.22, "test_steps_per_second": 6.834}, "tizard_2019": {"test_loss": 0.4474679231643677, "test_accuracy": 0.8132754342431762, "test_f1": 0.32054176072234764, "test_precision": 0.23588039867109634, "test_recall": 0.5, "test_roc_auc": 0.7643048768803296, "test_runtime": 3.0038, "test_samples_per_second": 536.657, "test_steps_per_second": 8.656}, "williams_2017": {"test_loss": 0.4003185033798218, "test_accuracy": 0.851063829787234, "test_f1": 0.7213114754098361, "test_precision": 0.7549019607843137, "test_recall": 0.6905829596412556, "test_roc_auc": 0.8967286372695564, "test_runtime": 0.6341, "test_samples_per_second": 1260.043, "test_steps_per_second": 20.501}}