{"tizard_2019": {"test_loss": 0.24047042429447174, "test_accuracy": 0.9573002754820936, "test_f1": 0.24390243902439024, "test_precision": 0.2777777777777778, "test_recall": 0.21739130434782608, "test_roc_auc": 0.7190302430577031, "test_runtime": 0.8459, "test_samples_per_second": 858.284, "test_steps_per_second": 14.187}}