{"tizard_2019": {"test_loss": 0.16801214218139648, "test_accuracy": 0.9584367245657568, "test_f1": 0.0, "test_precision": 0.0, "test_recall": 0.0, "test_roc_auc": 0.5755305867665419, "test_runtime": 3.0361, "test_samples_per_second": 530.938, "test_steps_per_second": 8.564}}