{"scalabrino_2017_RQ1": {"test_loss": 0.4022224545478821, "test_accuracy": 0.9366925064599483, "test_f1": 0.855457227138643, "test_precision": 0.9006211180124224, "test_recall": 0.8146067415730337, "test_roc_auc": 0.9486181283462786, "test_runtime": 1.8335, "test_samples_per_second": 422.142, "test_steps_per_second": 7.09}}