{"williams_2017": {"test_loss": 0.7548986077308655, "test_accuracy": 0.7672634271099744, "test_f1": 0.3973509933774835, "test_precision": 0.7894736842105263, "test_recall": 0.26548672566371684, "test_roc_auc": 0.8112306614885083, "test_runtime": 0.553, "test_samples_per_second": 1414.129, "test_steps_per_second": 23.509}}