{"ciurumelea_2017": {"test_loss": 0.7922268509864807, "test_accuracy": 0.8511326860841424, "test_f1": 0.6666666666666665, "test_precision": 0.6133333333333333, "test_recall": 0.7301587301587301, "test_roc_auc": 0.860885275519422, "test_runtime": 0.3851, "test_samples_per_second": 802.39, "test_steps_per_second": 12.984}}