{"scalabrino_2017_RQ1": {"test_loss": 0.2327142208814621, "test_accuracy": 0.9147157190635451, "test_f1": 0.5233644859813085, "test_precision": 0.717948717948718, "test_recall": 0.4117647058823529, "test_roc_auc": 0.8878745837957825, "test_runtime": 1.3956, "test_samples_per_second": 428.482, "test_steps_per_second": 7.165}}