{"scalabrino_2017_RQ1": {"test_loss": 0.3407801389694214, "test_accuracy": 0.9013377926421404, "test_f1": 0.593103448275862, "test_precision": 0.5972222222222222, "test_recall": 0.589041095890411, "test_roc_auc": 0.9108675799086757, "test_runtime": 1.3948, "test_samples_per_second": 428.751, "test_steps_per_second": 7.17}}