{"scalabrino_2017_RQ1": {"test_loss": 0.390518456697464, "test_accuracy": 0.9180602006688964, "test_f1": 0.6620689655172415, "test_precision": 0.6666666666666666, "test_recall": 0.6575342465753424, "test_roc_auc": 0.8800521852576647, "test_runtime": 1.4318, "test_samples_per_second": 417.647, "test_steps_per_second": 6.984}}