{"scalabrino_2017_RQ1": {"test_loss": 0.29432806372642517, "test_accuracy": 0.8812709030100334, "test_f1": 0.7953890489913545, "test_precision": 0.7624309392265194, "test_recall": 0.8313253012048193, "test_roc_auc": 0.9367888219544845, "test_runtime": 1.3981, "test_samples_per_second": 427.71, "test_steps_per_second": 7.152}}