{"scalabrino_2017_RQ1": {"test_loss": 0.24188503623008728, "test_accuracy": 0.9180602006688964, "test_f1": 0.4615384615384615, "test_precision": 0.7241379310344828, "test_recall": 0.3387096774193548, "test_roc_auc": 0.8867356764564275, "test_runtime": 1.3981, "test_samples_per_second": 427.738, "test_steps_per_second": 7.153}, "scalabrino_2017_RQ3": {"test_loss": 0.8305127024650574, "test_accuracy": 0.7816901408450704, "test_f1": 0.39215686274509803, "test_precision": 0.6666666666666666, "test_recall": 0.2777777777777778, "test_roc_auc": 0.6656184486373165, "test_runtime": 0.263, "test_samples_per_second": 539.981, "test_steps_per_second": 11.408}, "maalej_2016": {"test_loss": 0.6314462423324585, "test_accuracy": 0.8472222222222222, "test_f1": 0.12000000000000001, "test_precision": 0.2, "test_recall": 0.08571428571428572, "test_roc_auc": 0.5893845285149633, "test_runtime": 0.676, "test_samples_per_second": 426.012, "test_steps_per_second": 7.396}, "tizard_2019": {"test_loss": 0.24154753983020782, "test_accuracy": 0.918732782369146, "test_f1": 0.21333333333333335, "test_precision": 0.16666666666666666, "test_recall": 0.2962962962962963, "test_roc_auc": 0.6541620304138187, "test_runtime": 0.8113, "test_samples_per_second": 894.896, "test_steps_per_second": 14.792}, "williams_2017": {"test_loss": 0.8686901330947876, "test_accuracy": 0.7659846547314578, "test_f1": 0.20779220779220778, "test_precision": 0.7741935483870968, "test_recall": 0.12, "test_roc_auc": 0.6940378006872852, "test_runtime": 0.5618, "test_samples_per_second": 1391.882, "test_steps_per_second": 23.139}}