{"tizard_2019": {"test_loss": 0.494471937417984, "test_accuracy": 0.8939393939393939, "test_f1": 0.574585635359116, "test_precision": 0.5714285714285714, "test_recall": 0.5777777777777777, "test_roc_auc": 0.8949161425576522, "test_runtime": 0.8976, "test_samples_per_second": 808.828, "test_steps_per_second": 13.369}}