{"scalabrino_2017_RQ1": {"test_loss": 0.315117210149765, "test_accuracy": 0.9289405684754521, "test_f1": 0.6783625730994152, "test_precision": 0.6304347826086957, "test_recall": 0.7341772151898734, "test_roc_auc": 0.9195155268190511, "test_runtime": 1.8368, "test_samples_per_second": 421.378, "test_steps_per_second": 7.077}}