{"guzman_2015": {"test_loss": 0.4699864983558655, "test_accuracy": 0.9007981755986317, "test_f1": 0.1212121212121212, "test_precision": 0.35294117647058826, "test_recall": 0.07317073170731707, "test_roc_auc": 0.6775579076545484, "test_runtime": 2.0457, "test_samples_per_second": 428.713, "test_steps_per_second": 6.844}, "scalabrino_2017_RQ1": {"test_loss": 0.4622196555137634, "test_accuracy": 0.8996655518394648, "test_f1": 0.03225806451612903, "test_precision": 0.1, "test_recall": 0.019230769230769232, "test_roc_auc": 0.6683220625528319, "test_runtime": 1.4076, "test_samples_per_second": 424.823, "test_steps_per_second": 7.104}, "scalabrino_2017_RQ3": {"test_loss": 1.1264004707336426, "test_accuracy": 0.8098591549295775, "test_f1": 0.12903225806451613, "test_precision": 1.0, "test_recall": 0.06896551724137931, "test_roc_auc": 0.506560878852609, "test_runtime": 0.2759, "test_samples_per_second": 514.714, "test_steps_per_second": 10.874}, "maalej_2016": {"test_loss": 0.4461725056171417, "test_accuracy": 0.911042944785276, "test_f1": 0.03333333333333333, "test_precision": 0.1, "test_recall": 0.02, "test_roc_auc": 0.601063122923588, "test_runtime": 1.5326, "test_samples_per_second": 425.426, "test_steps_per_second": 7.177}, "williams_2017": {"test_loss": 1.2651270627975464, "test_accuracy": 0.7595907928388747, "test_f1": 0.05050505050505051, "test_precision": 0.8333333333333334, "test_recall": 0.026041666666666668, "test_roc_auc": 0.6977665960451978, "test_runtime": 0.4944, "test_samples_per_second": 1581.858, "test_steps_per_second": 26.297}}