{"scalabrino_2017_RQ1": {"test_loss": 0.20382940769195557, "test_accuracy": 0.9381270903010034, "test_f1": 0.8549019607843138, "test_precision": 0.923728813559322, "test_recall": 0.7956204379562044, "test_roc_auc": 0.9644853302088446, "test_runtime": 1.4159, "test_samples_per_second": 422.35, "test_steps_per_second": 7.063}}