{"ciurumelea_2017": {"test_loss": 1.0479460954666138, "test_accuracy": 0.865814696485623, "test_f1": 0.7812500000000001, "test_precision": 0.6880733944954128, "test_recall": 0.9036144578313253, "test_roc_auc": 0.8906757464641173, "test_runtime": 0.6927, "test_samples_per_second": 451.825, "test_steps_per_second": 7.218}}