{"ciurumelea_2017": {"test_loss": 0.6889210939407349, "test_accuracy": 0.7476038338658147, "test_f1": 0.4768211920529802, "test_precision": 0.782608695652174, "test_recall": 0.34285714285714286, "test_roc_auc": 0.8302197802197802, "test_runtime": 0.4105, "test_samples_per_second": 762.427, "test_steps_per_second": 12.179}, "guzman_2015": {"test_loss": 0.46377405524253845, "test_accuracy": 0.8129988597491448, "test_f1": 0.52046783625731, "test_precision": 0.6267605633802817, "test_recall": 0.445, "test_roc_auc": 0.8413220088626292, "test_runtime": 2.0461, "test_samples_per_second": 428.63, "test_steps_per_second": 6.842}, "scalabrino_2017_RQ3": {"test_loss": 1.143596887588501, "test_accuracy": 0.5563380281690141, "test_f1": 0.5594405594405594, "test_precision": 0.9090909090909091, "test_recall": 0.40404040404040403, "test_roc_auc": 0.7509983556495184, "test_runtime": 0.2753, "test_samples_per_second": 515.804, "test_steps_per_second": 10.897}, "maalej_2016": {"test_loss": 0.4115730822086334, "test_accuracy": 0.8402777777777778, "test_f1": 0.2333333333333333, "test_precision": 0.2916666666666667, "test_recall": 0.19444444444444445, "test_roc_auc": 0.7905092592592592, "test_runtime": 0.6736, "test_samples_per_second": 427.543, "test_steps_per_second": 7.423}, "tizard_2019": {"test_loss": 0.4700067639350891, "test_accuracy": 0.8429752066115702, "test_f1": 0.12307692307692307, "test_precision": 0.12698412698412698, "test_recall": 0.11940298507462686, "test_roc_auc": 0.6392544107988132, "test_runtime": 1.24, "test_samples_per_second": 585.501, "test_steps_per_second": 9.678}, "williams_2017": {"test_loss": 0.6338062286376953, "test_accuracy": 0.7519181585677749, "test_f1": 0.47282608695652173, "test_precision": 0.6, "test_recall": 0.3901345291479821, "test_roc_auc": 0.7418997729770491, "test_runtime": 0.5605, "test_samples_per_second": 1395.069, "test_steps_per_second": 23.192}}