{"guzman_2015": {"test_loss": 0.7610847353935242, "test_accuracy": 0.5324971493728621, "test_f1": 0.24354243542435425, "test_precision": 0.14224137931034483, "test_recall": 0.8461538461538461, "test_roc_auc": 0.7632296781232951, "test_runtime": 2.0472, "test_samples_per_second": 428.387, "test_steps_per_second": 6.839}, "scalabrino_2017_RQ1": {"test_loss": 0.6517806053161621, "test_accuracy": 0.6204013377926422, "test_f1": 0.36056338028169016, "test_precision": 0.22695035460992907, "test_recall": 0.8767123287671232, "test_roc_auc": 0.8186301369863014, "test_runtime": 1.4138, "test_samples_per_second": 422.982, "test_steps_per_second": 7.073}, "scalabrino_2017_RQ3": {"test_loss": 0.8702846169471741, "test_accuracy": 0.4647887323943662, "test_f1": 0.2962962962962963, "test_precision": 0.18823529411764706, "test_recall": 0.6956521739130435, "test_roc_auc": 0.6624040920716112, "test_runtime": 0.2736, "test_samples_per_second": 519.021, "test_steps_per_second": 10.965}, "maalej_2016": {"test_loss": 0.6415898203849792, "test_accuracy": 0.6226993865030674, "test_f1": 0.23125, "test_precision": 0.137546468401487, "test_recall": 0.7254901960784313, "test_roc_auc": 0.760073080813024, "test_runtime": 1.4422, "test_samples_per_second": 452.084, "test_steps_per_second": 7.627}, "tizard_2019": {"test_loss": 0.9171656370162964, "test_accuracy": 0.5165289256198347, "test_f1": 0.07387862796833773, "test_precision": 0.03932584269662921, "test_recall": 0.6086956521739131, "test_roc_auc": 0.6475354072608077, "test_runtime": 0.8135, "test_samples_per_second": 892.419, "test_steps_per_second": 14.751}}