{"ciurumelea_2017": {"test_loss": 1.073730230331421, "test_accuracy": 0.8402555910543131, "test_f1": 0.7395833333333334, "test_precision": 0.7395833333333334, "test_recall": 0.7395833333333334, "test_roc_auc": 0.8653993855606759, "test_runtime": 0.6723, "test_samples_per_second": 465.589, "test_steps_per_second": 7.438}}