{"maalej_2016": {"test_loss": 0.34085434675216675, "test_accuracy": 0.8993055555555556, "test_f1": 0.5915492957746479, "test_precision": 0.7, "test_recall": 0.5121951219512195, "test_roc_auc": 0.9099437148217635, "test_runtime": 0.6906, "test_samples_per_second": 417.024, "test_steps_per_second": 7.24}}