{"guzman_2015": {"test_loss": 0.25628548860549927, "test_accuracy": 0.8946117274167987, "test_f1": 0.4981132075471699, "test_precision": 0.44594594594594594, "test_recall": 0.5641025641025641, "test_roc_auc": 0.881588474601575, "test_runtime": 2.9786, "test_samples_per_second": 423.692, "test_steps_per_second": 6.715}, "scalabrino_2017_RQ1": {"test_loss": 0.20454412698745728, "test_accuracy": 0.9049429657794676, "test_f1": 0.6323529411764706, "test_precision": 0.5308641975308642, "test_recall": 0.7818181818181819, "test_roc_auc": 0.9440262497587338, "test_runtime": 1.2822, "test_samples_per_second": 410.233, "test_steps_per_second": 7.019}, "scalabrino_2017_RQ3": {"test_loss": 0.5571224689483643, "test_accuracy": 0.75, "test_f1": 0.6792452830188679, "test_precision": 0.6428571428571429, "test_recall": 0.72, "test_roc_auc": 0.8176744186046511, "test_runtime": 0.1568, "test_samples_per_second": 433.81, "test_steps_per_second": 12.759}, "maalej_2016": {"test_loss": 0.5709901452064514, "test_accuracy": 0.8048780487804879, "test_f1": 0.1111111111111111, "test_precision": 0.19047619047619047, "test_recall": 0.0784313725490196, "test_roc_auc": 0.7515396050116797, "test_runtime": 0.5604, "test_samples_per_second": 585.311, "test_steps_per_second": 10.707}, "tizard_2019": {"test_loss": 0.8536269664764404, "test_accuracy": 0.7740384615384616, "test_f1": 0.3896103896103897, "test_precision": 0.5454545454545454, "test_recall": 0.30303030303030304, "test_roc_auc": 0.6876334321129273, "test_runtime": 0.3591, "test_samples_per_second": 1158.46, "test_steps_per_second": 19.493}, "williams_2017": {"test_loss": 0.6880201697349548, "test_accuracy": 0.6888888888888889, "test_f1": 0.5371900826446281, "test_precision": 0.40625, "test_recall": 0.7926829268292683, "test_roc_auc": 0.7827579399894717, "test_runtime": 0.5301, "test_samples_per_second": 1358.305, "test_steps_per_second": 22.638}}