{"guzman_2015": {"test_loss": 0.7047551870346069, "test_accuracy": 0.8609794628751974, "test_f1": 0.6923076923076923, "test_precision": 0.7644787644787645, "test_recall": 0.6325878594249201, "test_roc_auc": 0.8955073770739117, "test_runtime": 2.9979, "test_samples_per_second": 422.294, "test_steps_per_second": 6.671}}