{"ciurumelea_2017": {"test_loss": 0.38100820779800415, "test_accuracy": 0.8626198083067093, "test_f1": 0.732919254658385, "test_precision": 0.8309859154929577, "test_recall": 0.6555555555555556, "test_roc_auc": 0.9173891380169408, "test_runtime": 0.4215, "test_samples_per_second": 742.623, "test_steps_per_second": 11.863}, "guzman_2015": {"test_loss": 0.21385754644870758, "test_accuracy": 0.9156214367160775, "test_f1": 0.8052631578947368, "test_precision": 0.7611940298507462, "test_recall": 0.8547486033519553, "test_roc_auc": 0.9558195002481151, "test_runtime": 2.0827, "test_samples_per_second": 421.078, "test_steps_per_second": 6.722}, "scalabrino_2017_RQ1": {"test_loss": 0.15642869472503662, "test_accuracy": 0.9347826086956522, "test_f1": 0.8602150537634409, "test_precision": 0.8450704225352113, "test_recall": 0.8759124087591241, "test_roc_auc": 0.9795272099688079, "test_runtime": 1.4547, "test_samples_per_second": 411.074, "test_steps_per_second": 6.874}, "scalabrino_2017_RQ3": {"test_loss": 0.46146297454833984, "test_accuracy": 0.823943661971831, "test_f1": 0.8633879781420767, "test_precision": 0.9294117647058824, "test_recall": 0.8061224489795918, "test_roc_auc": 0.8972634508348794, "test_runtime": 0.2927, "test_samples_per_second": 485.136, "test_steps_per_second": 10.249}, "maalej_2016": {"test_loss": 0.29673466086387634, "test_accuracy": 0.8611111111111112, "test_f1": 0.37499999999999994, "test_precision": 0.3, "test_recall": 0.5, "test_roc_auc": 0.883996212121212, "test_runtime": 0.6894, "test_samples_per_second": 417.739, "test_steps_per_second": 7.252}, "tizard_2019": {"test_loss": 0.28030961751937866, "test_accuracy": 0.8829201101928374, "test_f1": 0.4370860927152318, "test_precision": 0.4714285714285714, "test_recall": 0.4074074074074074, "test_roc_auc": 0.8604076945162217, "test_runtime": 1.282, "test_samples_per_second": 566.299, "test_steps_per_second": 9.36}, "williams_2017": {"test_loss": 0.3573930859565735, "test_accuracy": 0.8542199488491049, "test_f1": 0.7348837209302326, "test_precision": 0.7669902912621359, "test_recall": 0.7053571428571429, "test_roc_auc": 0.9035298259088582, "test_runtime": 0.5248, "test_samples_per_second": 1489.958, "test_steps_per_second": 24.769}}