{"ciurumelea_2017": {"test_loss": 0.6865759491920471, "test_accuracy": 0.8977635782747604, "test_f1": 0.8241758241758242, "test_precision": 0.7575757575757576, "test_recall": 0.9036144578313253, "test_roc_auc": 0.9085385018334207, "test_runtime": 0.6737, "test_samples_per_second": 464.568, "test_steps_per_second": 7.421}}