{"maalej_2016": {"test_loss": 0.7081696391105652, "test_accuracy": 0.8888888888888888, "test_f1": 0.4838709677419355, "test_precision": 0.45454545454545453, "test_recall": 0.5172413793103449, "test_roc_auc": 0.6630275595792837, "test_runtime": 0.6904, "test_samples_per_second": 417.167, "test_steps_per_second": 7.242}}