{"ciurumelea_2017": {"test_loss": 0.7028015851974487, "test_accuracy": 0.813953488372093, "test_f1": 0.7468354430379747, "test_precision": 0.8634146341463415, "test_recall": 0.6579925650557621, "test_roc_auc": 0.8971268686229534, "test_runtime": 1.4053, "test_samples_per_second": 458.979, "test_steps_per_second": 7.828}, "guzman_2015": {"test_loss": 0.474952757358551, "test_accuracy": 0.8225039619651348, "test_f1": 0.7090909090909091, "test_precision": 0.6013215859030837, "test_recall": 0.8639240506329114, "test_roc_auc": 0.9161124789252548, "test_runtime": 2.9952, "test_samples_per_second": 421.337, "test_steps_per_second": 6.677}, "scalabrino_2017_RQ1": {"test_loss": 0.2799142301082611, "test_accuracy": 0.908289241622575, "test_f1": 0.8343949044585988, "test_precision": 0.7528735632183908, "test_recall": 0.9357142857142857, "test_roc_auc": 0.9671963867514218, "test_runtime": 1.3853, "test_samples_per_second": 409.293, "test_steps_per_second": 6.497}, "scalabrino_2017_RQ3": {"test_loss": 1.553512454032898, "test_accuracy": 0.625, "test_f1": 0.6627218934911243, "test_precision": 0.7567567567567568, "test_recall": 0.5894736842105263, "test_roc_auc": 0.6917820867959371, "test_runtime": 0.235, "test_samples_per_second": 646.809, "test_steps_per_second": 12.766}, "maalej_2016": {"test_loss": 0.37386831641197205, "test_accuracy": 0.8689138576779026, "test_f1": 0.5070422535211268, "test_precision": 0.36, "test_recall": 0.8571428571428571, "test_roc_auc": 0.9312814556716995, "test_runtime": 0.6414, "test_samples_per_second": 416.274, "test_steps_per_second": 7.795}, "tizard_2019": {"test_loss": 0.17914822697639465, "test_accuracy": 0.9158653846153846, "test_f1": 0.14634146341463417, "test_precision": 0.1, "test_recall": 0.2727272727272727, "test_roc_auc": 0.8718294051627385, "test_runtime": 0.377, "test_samples_per_second": 1103.313, "test_steps_per_second": 18.565}, "williams_2017": {"test_loss": 0.44033312797546387, "test_accuracy": 0.8410513141426783, "test_f1": 0.7221006564551422, "test_precision": 0.7603686635944701, "test_recall": 0.6875, "test_roc_auc": 0.9122093023255813, "test_runtime": 0.6146, "test_samples_per_second": 1300.121, "test_steps_per_second": 21.153}}