{"scalabrino_2017_RQ3": {"test_loss": 0.424955815076828, "test_accuracy": 0.8873239436619719, "test_f1": 0.5294117647058824, "test_precision": 0.8181818181818182, "test_recall": 0.391304347826087, "test_roc_auc": 0.773839970770917, "test_runtime": 0.2658, "test_samples_per_second": 534.21, "test_steps_per_second": 11.286}}