{"scalabrino_2017_RQ1": {"test_loss": 0.20042048394680023, "test_accuracy": 0.9180602006688964, "test_f1": 0.5882352941176471, "test_precision": 0.6140350877192983, "test_recall": 0.5645161290322581, "test_roc_auc": 0.9205284063553202, "test_runtime": 1.4041, "test_samples_per_second": 425.889, "test_steps_per_second": 7.122}}