{"maalej_2016": {"test_loss": 0.9506134986877441, "test_accuracy": 0.8771331058020477, "test_f1": 0.5263157894736842, "test_precision": 0.5555555555555556, "test_recall": 0.5, "test_roc_auc": 0.7269762845849803, "test_runtime": 0.7101, "test_samples_per_second": 412.613, "test_steps_per_second": 7.041}}