{"scalabrino_2017_RQ1": {"test_loss": 0.181886225938797, "test_accuracy": 0.9264214046822743, "test_f1": 0.6944444444444445, "test_precision": 0.6097560975609756, "test_recall": 0.8064516129032258, "test_roc_auc": 0.9378009147809341, "test_runtime": 1.4329, "test_samples_per_second": 417.327, "test_steps_per_second": 6.979}}