{"guzman_2015": {"test_loss": 0.5385369658470154, "test_accuracy": 0.8996579247434435, "test_f1": 0.0, "test_precision": 0.0, "test_recall": 0.0, "test_roc_auc": 0.6144861159119714, "test_runtime": 2.0425, "test_samples_per_second": 429.38, "test_steps_per_second": 6.854}, "scalabrino_2017_RQ1": {"test_loss": 0.5382894277572632, "test_accuracy": 0.8963210702341137, "test_f1": 0.0, "test_precision": 0.0, "test_recall": 0.0, "test_roc_auc": 0.6453117477130477, "test_runtime": 0.9206, "test_samples_per_second": 649.602, "test_steps_per_second": 10.863}, "maalej_2016": {"test_loss": 0.5267429351806641, "test_accuracy": 0.9156441717791411, "test_f1": 0.0, "test_precision": 0.0, "test_recall": 0.0, "test_roc_auc": 0.6758946246383433, "test_runtime": 1.532, "test_samples_per_second": 425.576, "test_steps_per_second": 7.18}, "tizard_2019": {"test_loss": 0.5134255290031433, "test_accuracy": 0.9655647382920111, "test_f1": 0.0, "test_precision": 0.0, "test_recall": 0.0, "test_roc_auc": 0.522111269614836, "test_runtime": 1.2387, "test_samples_per_second": 586.112, "test_steps_per_second": 9.688}, "williams_2017": {"test_loss": 0.597295880317688, "test_accuracy": 0.7736572890025576, "test_f1": 0.0, "test_precision": 0.0, "test_recall": 0.0, "test_roc_auc": 0.5709016202082459, "test_runtime": 0.5417, "test_samples_per_second": 1443.534, "test_steps_per_second": 23.997}}