{"williams_2017": {"test_loss": 0.4487578570842743, "test_accuracy": 0.8542199488491049, "test_f1": 0.7432432432432432, "test_precision": 0.7268722466960352, "test_recall": 0.7603686635944701, "test_roc_auc": 0.9122874271032992, "test_runtime": 0.6316, "test_samples_per_second": 1238.166, "test_steps_per_second": 20.583}}