{"guzman_2015": {"test_loss": 0.5338652729988098, "test_accuracy": 0.9110604332953249, "test_f1": 0.0, "test_precision": 0.0, "test_recall": 0.0, "test_roc_auc": 0.5739064856711915, "test_runtime": 2.0415, "test_samples_per_second": 429.587, "test_steps_per_second": 6.858}, "scalabrino_2017_RQ1": {"test_loss": 0.545567512512207, "test_accuracy": 0.8779264214046822, "test_f1": 0.0, "test_precision": 0.0, "test_recall": 0.0, "test_roc_auc": 0.6886105675146771, "test_runtime": 1.4086, "test_samples_per_second": 424.526, "test_steps_per_second": 7.099}, "maalej_2016": {"test_loss": 0.5252331495285034, "test_accuracy": 0.9217791411042945, "test_f1": 0.0, "test_precision": 0.0, "test_recall": 0.0, "test_roc_auc": 0.6148249649277349, "test_runtime": 1.4477, "test_samples_per_second": 450.356, "test_steps_per_second": 7.598}, "tizard_2019": {"test_loss": 0.513451099395752, "test_accuracy": 0.9683195592286501, "test_f1": 0.0, "test_precision": 0.0, "test_recall": 0.0, "test_roc_auc": 0.4554394211144783, "test_runtime": 0.8183, "test_samples_per_second": 887.174, "test_steps_per_second": 14.664}, "williams_2017": {"test_loss": 0.5926307439804077, "test_accuracy": 0.7851662404092071, "test_f1": 0.0, "test_precision": 0.0, "test_recall": 0.0, "test_roc_auc": 0.5325054288816504, "test_runtime": 0.5404, "test_samples_per_second": 1447.174, "test_steps_per_second": 24.058}}