{"tizard_2019": {"test_loss": 0.11902336031198502, "test_accuracy": 0.9724517906336089, "test_f1": 0.5454545454545454, "test_precision": 0.5, "test_recall": 0.6, "test_roc_auc": 0.9240793201133145, "test_runtime": 1.3074, "test_samples_per_second": 555.282, "test_steps_per_second": 9.178}}