{"ciurumelea_2017": {"test_loss": 0.7779168486595154, "test_accuracy": 0.7156549520766773, "test_f1": 0.2644628099173554, "test_precision": 0.5161290322580645, "test_recall": 0.17777777777777778, "test_roc_auc": 0.7742899850523168, "test_runtime": 0.4085, "test_samples_per_second": 766.261, "test_steps_per_second": 12.241}, "guzman_2015": {"test_loss": 0.45357638597488403, "test_accuracy": 0.8335233751425314, "test_f1": 0.47857142857142865, "test_precision": 0.6633663366336634, "test_recall": 0.3743016759776536, "test_roc_auc": 0.8378287525411792, "test_runtime": 2.0476, "test_samples_per_second": 428.301, "test_steps_per_second": 6.837}, "scalabrino_2017_RQ3": {"test_loss": 1.2170480489730835, "test_accuracy": 0.5492957746478874, "test_f1": 0.5675675675675675, "test_precision": 0.84, "test_recall": 0.42857142857142855, "test_roc_auc": 0.7602040816326531, "test_runtime": 0.2779, "test_samples_per_second": 510.974, "test_steps_per_second": 10.795}, "maalej_2016": {"test_loss": 0.3643510639667511, "test_accuracy": 0.8645833333333334, "test_f1": 0.26415094339622647, "test_precision": 0.2413793103448276, "test_recall": 0.2916666666666667, "test_roc_auc": 0.8268623737373737, "test_runtime": 0.6762, "test_samples_per_second": 425.897, "test_steps_per_second": 7.394}, "tizard_2019": {"test_loss": 0.4602349102497101, "test_accuracy": 0.8691460055096418, "test_f1": 0.25196850393700787, "test_precision": 0.34782608695652173, "test_recall": 0.19753086419753085, "test_roc_auc": 0.6943248157718441, "test_runtime": 1.2426, "test_samples_per_second": 584.246, "test_steps_per_second": 9.657}, "williams_2017": {"test_loss": 0.7409881949424744, "test_accuracy": 0.7416879795396419, "test_f1": 0.36075949367088606, "test_precision": 0.6195652173913043, "test_recall": 0.2544642857142857, "test_roc_auc": 0.7233022913466461, "test_runtime": 0.497, "test_samples_per_second": 1573.531, "test_steps_per_second": 26.158}}