{"scalabrino_2017_RQ1": {"test_loss": 0.4805491864681244, "test_accuracy": 0.9163879598662207, "test_f1": 0.6093750000000001, "test_precision": 0.5131578947368421, "test_recall": 0.75, "test_roc_auc": 0.8961679346294731, "test_runtime": 1.4238, "test_samples_per_second": 419.994, "test_steps_per_second": 7.023}}