{"guzman_2015": {"test_loss": 0.3908422887325287, "test_accuracy": 0.9087799315849487, "test_f1": 0.024390243902439022, "test_precision": 0.25, "test_recall": 0.01282051282051282, "test_roc_auc": 0.6719136099611694, "test_runtime": 2.04, "test_samples_per_second": 429.91, "test_steps_per_second": 6.863}, "scalabrino_2017_RQ1": {"test_loss": 0.5203269124031067, "test_accuracy": 0.8762541806020067, "test_f1": 0.02631578947368421, "test_precision": 0.3333333333333333, "test_recall": 0.0136986301369863, "test_roc_auc": 0.6993868232224396, "test_runtime": 1.4142, "test_samples_per_second": 422.842, "test_steps_per_second": 7.071}, "scalabrino_2017_RQ3": {"test_loss": 0.8504193425178528, "test_accuracy": 0.8380281690140845, "test_f1": 0.0, "test_precision": 0.0, "test_recall": 0.0, "test_roc_auc": 0.4936061381074169, "test_runtime": 0.2729, "test_samples_per_second": 520.281, "test_steps_per_second": 10.992}, "maalej_2016": {"test_loss": 0.3671557903289795, "test_accuracy": 0.9187116564417178, "test_f1": 0.0, "test_precision": 0.0, "test_recall": 0.0, "test_roc_auc": 0.6640566376300936, "test_runtime": 1.4393, "test_samples_per_second": 453.013, "test_steps_per_second": 7.643}, "williams_2017": {"test_loss": 0.8854395151138306, "test_accuracy": 0.7813299232736572, "test_f1": 0.0, "test_precision": 0.0, "test_recall": 0.0, "test_roc_auc": 0.6467155266015201, "test_runtime": 0.5612, "test_samples_per_second": 1393.411, "test_steps_per_second": 23.164}}