{"guzman_2015": {"test_loss": 0.23815882205963135, "test_accuracy": 0.8909952606635071, "test_f1": 0.425, "test_precision": 0.3805970149253731, "test_recall": 0.4811320754716981, "test_roc_auc": 0.8792534157449577, "test_runtime": 3.004, "test_samples_per_second": 421.432, "test_steps_per_second": 6.658}, "scalabrino_2017_RQ1": {"test_loss": 0.13447041809558868, "test_accuracy": 0.9539406345957011, "test_f1": 0.7204968944099379, "test_precision": 0.6823529411764706, "test_recall": 0.7631578947368421, "test_roc_auc": 0.9422425375313979, "test_runtime": 2.3473, "test_samples_per_second": 416.229, "test_steps_per_second": 6.816}, "scalabrino_2017_RQ3": {"test_loss": 1.2593086957931519, "test_accuracy": 0.6578947368421053, "test_f1": 0.31578947368421056, "test_precision": 0.6666666666666666, "test_recall": 0.20689655172413793, "test_roc_auc": 0.5709831254585473, "test_runtime": 0.2491, "test_samples_per_second": 610.295, "test_steps_per_second": 12.045}, "maalej_2016": {"test_loss": 0.3746667504310608, "test_accuracy": 0.864406779661017, "test_f1": 0.25925925925925924, "test_precision": 0.3684210526315789, "test_recall": 0.2, "test_roc_auc": 0.7974725274725274, "test_runtime": 0.7148, "test_samples_per_second": 412.721, "test_steps_per_second": 6.995}, "tizard_2019": {"test_loss": 0.7196515798568726, "test_accuracy": 0.7884615384615384, "test_f1": 0.4430379746835443, "test_precision": 0.5932203389830508, "test_recall": 0.35353535353535354, "test_roc_auc": 0.7194978172896154, "test_runtime": 0.3473, "test_samples_per_second": 1197.983, "test_steps_per_second": 20.158}, "williams_2017": {"test_loss": 0.5172393321990967, "test_accuracy": 0.7732997481108312, "test_f1": 0.625, "test_precision": 0.7772020725388601, "test_recall": 0.5226480836236934, "test_roc_auc": 0.8461057391639004, "test_runtime": 0.6058, "test_samples_per_second": 1310.678, "test_steps_per_second": 21.459}}