{"guzman_2015": {"test_loss": 0.23077629506587982, "test_accuracy": 0.9133409350057012, "test_f1": 0.5308641975308641, "test_precision": 0.5657894736842105, "test_recall": 0.5, "test_roc_auc": 0.9021403580983741, "test_runtime": 2.1158, "test_samples_per_second": 414.51, "test_steps_per_second": 6.617}, "scalabrino_2017_RQ1": {"test_loss": 0.216431125998497, "test_accuracy": 0.919732441471572, "test_f1": 0.6619718309859154, "test_precision": 0.6351351351351351, "test_recall": 0.6911764705882353, "test_roc_auc": 0.9351831298557158, "test_runtime": 1.4428, "test_samples_per_second": 414.476, "test_steps_per_second": 6.931}, "scalabrino_2017_RQ3": {"test_loss": 0.6870834231376648, "test_accuracy": 0.7887323943661971, "test_f1": 0.5161290322580646, "test_precision": 0.6666666666666666, "test_recall": 0.42105263157894735, "test_roc_auc": 0.736082995951417, "test_runtime": 0.2205, "test_samples_per_second": 644.073, "test_steps_per_second": 13.607}, "maalej_2016": {"test_loss": 0.38431084156036377, "test_accuracy": 0.8784722222222222, "test_f1": 0.33962264150943394, "test_precision": 0.5, "test_recall": 0.2571428571428571, "test_roc_auc": 0.8005646527385657, "test_runtime": 0.5653, "test_samples_per_second": 509.435, "test_steps_per_second": 8.844}, "tizard_2019": {"test_loss": 0.15680624544620514, "test_accuracy": 0.9517906336088154, "test_f1": 0.33962264150943394, "test_precision": 0.3333333333333333, "test_recall": 0.34615384615384615, "test_roc_auc": 0.8232417582417584, "test_runtime": 0.8767, "test_samples_per_second": 828.143, "test_steps_per_second": 13.688}, "williams_2017": {"test_loss": 0.4811885952949524, "test_accuracy": 0.8222506393861893, "test_f1": 0.6170798898071626, "test_precision": 0.6511627906976745, "test_recall": 0.5863874345549738, "test_roc_auc": 0.8321240952861864, "test_runtime": 0.6232, "test_samples_per_second": 1254.735, "test_steps_per_second": 20.859}}