{"guzman_2015": {"test_loss": 0.21386517584323883, "test_accuracy": 0.9219629927594529, "test_f1": 0.35761589403973515, "test_precision": 0.574468085106383, "test_recall": 0.25961538461538464, "test_roc_auc": 0.8774228405483893, "test_runtime": 2.9421, "test_samples_per_second": 422.488, "test_steps_per_second": 6.798}, "scalabrino_2017_RQ1": {"test_loss": 0.1599026918411255, "test_accuracy": 0.9392764857881137, "test_f1": 0.6802721088435374, "test_precision": 0.7352941176470589, "test_recall": 0.6329113924050633, "test_roc_auc": 0.9427738821600947, "test_runtime": 1.8642, "test_samples_per_second": 415.196, "test_steps_per_second": 6.974}, "scalabrino_2017_RQ3": {"test_loss": 0.6495746970176697, "test_accuracy": 0.7564102564102564, "test_f1": 0.5777777777777778, "test_precision": 0.8666666666666667, "test_recall": 0.43333333333333335, "test_roc_auc": 0.8638888888888888, "test_runtime": 0.1793, "test_samples_per_second": 435.003, "test_steps_per_second": 11.154}, "maalej_2016": {"test_loss": 0.6859511733055115, "test_accuracy": 0.8137254901960784, "test_f1": 0.09523809523809523, "test_precision": 0.375, "test_recall": 0.05454545454545454, "test_roc_auc": 0.6521550162984426, "test_runtime": 0.7281, "test_samples_per_second": 420.267, "test_steps_per_second": 6.867}, "tizard_2019": {"test_loss": 0.17185364663600922, "test_accuracy": 0.9286600496277916, "test_f1": 0.03361344537815126, "test_precision": 0.01834862385321101, "test_recall": 0.2, "test_roc_auc": 0.8031835205992509, "test_runtime": 3.0298, "test_samples_per_second": 532.051, "test_steps_per_second": 8.581}, "williams_2017": {"test_loss": 0.4182093143463135, "test_accuracy": 0.8235294117647058, "test_f1": 0.4555984555984556, "test_precision": 0.6483516483516484, "test_recall": 0.35119047619047616, "test_roc_auc": 0.8337012300958418, "test_runtime": 0.6496, "test_samples_per_second": 1229.968, "test_steps_per_second": 20.012}}