{"ciurumelea_2017": {"test_loss": 0.36790966987609863, "test_accuracy": 0.8690095846645367, "test_f1": 0.770949720670391, "test_precision": 0.9324324324324325, "test_recall": 0.6571428571428571, "test_roc_auc": 0.9337454212454213, "test_runtime": 0.4086, "test_samples_per_second": 766.056, "test_steps_per_second": 12.237}}