{"scalabrino_2017_RQ1": {"test_loss": 0.23660247027873993, "test_accuracy": 0.9013377926421404, "test_f1": 0.7915194346289752, "test_precision": 0.7671232876712328, "test_recall": 0.8175182481751825, "test_roc_auc": 0.9580252386908814, "test_runtime": 1.4108, "test_samples_per_second": 423.875, "test_steps_per_second": 7.088}}