{"guzman_2015": {"test_loss": 0.5339001417160034, "test_accuracy": 0.6704675028506272, "test_f1": 0.463821892393321, "test_precision": 0.37091988130563797, "test_recall": 0.6188118811881188, "test_roc_auc": 0.7176897689768976, "test_runtime": 2.055, "test_samples_per_second": 426.761, "test_steps_per_second": 6.813}, "scalabrino_2017_RQ1": {"test_loss": 0.515529453754425, "test_accuracy": 0.705685618729097, "test_f1": 0.4358974358974359, "test_precision": 0.38202247191011235, "test_recall": 0.5074626865671642, "test_roc_auc": 0.7156137416366445, "test_runtime": 1.4167, "test_samples_per_second": 422.095, "test_steps_per_second": 7.058}, "scalabrino_2017_RQ3": {"test_loss": 0.7234178185462952, "test_accuracy": 0.5985915492957746, "test_f1": 0.6545454545454545, "test_precision": 0.7297297297297297, "test_recall": 0.5934065934065934, "test_roc_auc": 0.6151691445809092, "test_runtime": 0.2115, "test_samples_per_second": 671.347, "test_steps_per_second": 14.183}, "maalej_2016": {"test_loss": 0.4245857000350952, "test_accuracy": 0.7534722222222222, "test_f1": 0.33644859813084116, "test_precision": 0.22784810126582278, "test_recall": 0.6428571428571429, "test_roc_auc": 0.8042582417582418, "test_runtime": 0.5447, "test_samples_per_second": 528.74, "test_steps_per_second": 9.18}, "tizard_2019": {"test_loss": 0.4460049867630005, "test_accuracy": 0.8085399449035813, "test_f1": 0.19653179190751444, "test_precision": 0.20481927710843373, "test_recall": 0.18888888888888888, "test_roc_auc": 0.6354472396925226, "test_runtime": 0.8472, "test_samples_per_second": 856.905, "test_steps_per_second": 14.164}, "williams_2017": {"test_loss": 0.5849841833114624, "test_accuracy": 0.6739130434782609, "test_f1": 0.39999999999999997, "test_precision": 0.4271356783919598, "test_recall": 0.37610619469026546, "test_roc_auc": 0.6794979945247341, "test_runtime": 0.554, "test_samples_per_second": 1411.588, "test_steps_per_second": 23.466}}