{"ciurumelea_2017": {"test_loss": 0.34683772921562195, "test_accuracy": 0.8626198083067093, "test_f1": 0.7650273224043717, "test_precision": 0.875, "test_recall": 0.6796116504854369, "test_roc_auc": 0.9437817845584836, "test_runtime": 0.6811, "test_samples_per_second": 459.553, "test_steps_per_second": 7.341}, "guzman_2015": {"test_loss": 0.2691844701766968, "test_accuracy": 0.887115165336374, "test_f1": 0.7681498829039812, "test_precision": 0.7130434782608696, "test_recall": 0.8324873096446701, "test_roc_auc": 0.9404374440131383, "test_runtime": 2.097, "test_samples_per_second": 418.208, "test_steps_per_second": 6.676}, "scalabrino_2017_RQ1": {"test_loss": 0.18955226242542267, "test_accuracy": 0.9247491638795987, "test_f1": 0.8664688427299703, "test_precision": 0.8538011695906432, "test_recall": 0.8795180722891566, "test_roc_auc": 0.9745230923694779, "test_runtime": 1.4456, "test_samples_per_second": 413.657, "test_steps_per_second": 6.917}, "scalabrino_2017_RQ3": {"test_loss": 0.388507604598999, "test_accuracy": 0.8309859154929577, "test_f1": 0.8709677419354839, "test_precision": 0.8901098901098901, "test_recall": 0.8526315789473684, "test_roc_auc": 0.9126539753639418, "test_runtime": 0.2731, "test_samples_per_second": 519.953, "test_steps_per_second": 10.985}, "maalej_2016": {"test_loss": 0.4132354259490967, "test_accuracy": 0.8298611111111112, "test_f1": 0.3466666666666666, "test_precision": 0.2826086956521739, "test_recall": 0.4482758620689655, "test_roc_auc": 0.8357076288110771, "test_runtime": 0.6883, "test_samples_per_second": 418.413, "test_steps_per_second": 7.264}, "tizard_2019": {"test_loss": 0.3089312016963959, "test_accuracy": 0.8691460055096418, "test_f1": 0.4692737430167598, "test_precision": 0.4329896907216495, "test_recall": 0.5121951219512195, "test_roc_auc": 0.8610059081957278, "test_runtime": 0.8549, "test_samples_per_second": 849.25, "test_steps_per_second": 14.037}, "williams_2017": {"test_loss": 0.36468708515167236, "test_accuracy": 0.8452685421994884, "test_f1": 0.7027027027027027, "test_precision": 0.7526315789473684, "test_recall": 0.6589861751152074, "test_roc_auc": 0.9032421190000408, "test_runtime": 0.5854, "test_samples_per_second": 1335.941, "test_steps_per_second": 22.209}}