{"guzman_2015": {"test_loss": 0.5225356817245483, "test_accuracy": 0.6659064994298746, "test_f1": 0.43761996161228406, "test_precision": 0.35185185185185186, "test_recall": 0.5786802030456852, "test_roc_auc": 0.7102343983278592, "test_runtime": 2.0448, "test_samples_per_second": 428.899, "test_steps_per_second": 6.847}, "scalabrino_2017_RQ1": {"test_loss": 0.4974241256713867, "test_accuracy": 0.7123745819397993, "test_f1": 0.45569620253164556, "test_precision": 0.45, "test_recall": 0.46153846153846156, "test_roc_auc": 0.7503335653788142, "test_runtime": 1.4073, "test_samples_per_second": 424.914, "test_steps_per_second": 7.106}, "scalabrino_2017_RQ3": {"test_loss": 0.7795941233634949, "test_accuracy": 0.5422535211267606, "test_f1": 0.6285714285714286, "test_precision": 0.8208955223880597, "test_recall": 0.5092592592592593, "test_roc_auc": 0.5686274509803922, "test_runtime": 0.2755, "test_samples_per_second": 515.387, "test_steps_per_second": 10.888}, "maalej_2016": {"test_loss": 0.4129070043563843, "test_accuracy": 0.75, "test_f1": 0.3076923076923077, "test_precision": 0.21621621621621623, "test_recall": 0.5333333333333333, "test_roc_auc": 0.789922480620155, "test_runtime": 0.4922, "test_samples_per_second": 585.098, "test_steps_per_second": 10.158}, "tizard_2019": {"test_loss": 0.42818692326545715, "test_accuracy": 0.8278236914600551, "test_f1": 0.17218543046357615, "test_precision": 0.21311475409836064, "test_recall": 0.14444444444444443, "test_roc_auc": 0.6632948986722571, "test_runtime": 0.8192, "test_samples_per_second": 886.269, "test_steps_per_second": 14.649}, "williams_2017": {"test_loss": 0.5695627331733704, "test_accuracy": 0.7455242966751918, "test_f1": 0.3682539682539683, "test_precision": 0.5523809523809524, "test_recall": 0.2761904761904762, "test_roc_auc": 0.6893273393273393, "test_runtime": 0.549, "test_samples_per_second": 1424.295, "test_steps_per_second": 23.678}}