{"williams_2017": {"test_loss": 0.5261569619178772, "test_accuracy": 0.8287153652392947, "test_f1": 0.6807511737089201, "test_precision": 0.6196581196581197, "test_recall": 0.7552083333333334, "test_roc_auc": 0.877906976744186, "test_runtime": 0.5835, "test_samples_per_second": 1360.671, "test_steps_per_second": 22.278}}