{"guzman_2015": {"test_loss": 0.3327474892139435, "test_accuracy": 0.8665906499429875, "test_f1": 0.323699421965318, "test_precision": 0.3218390804597701, "test_recall": 0.32558139534883723, "test_roc_auc": 0.7971069885043954, "test_runtime": 2.064, "test_samples_per_second": 424.909, "test_steps_per_second": 6.783}, "scalabrino_2017_RQ3": {"test_loss": 1.0486034154891968, "test_accuracy": 0.7253521126760564, "test_f1": 0.23529411764705882, "test_precision": 0.46153846153846156, "test_recall": 0.15789473684210525, "test_roc_auc": 0.5531376518218624, "test_runtime": 0.2223, "test_samples_per_second": 638.734, "test_steps_per_second": 13.494}, "maalej_2016": {"test_loss": 0.4961510896682739, "test_accuracy": 0.8576388888888888, "test_f1": 0.196078431372549, "test_precision": 0.3125, "test_recall": 0.14285714285714285, "test_roc_auc": 0.711914172783738, "test_runtime": 0.5456, "test_samples_per_second": 527.906, "test_steps_per_second": 9.165}, "tizard_2019": {"test_loss": 0.24801073968410492, "test_accuracy": 0.918732782369146, "test_f1": 0.16901408450704225, "test_precision": 0.13333333333333333, "test_recall": 0.23076923076923078, "test_roc_auc": 0.6252197802197802, "test_runtime": 0.8465, "test_samples_per_second": 857.63, "test_steps_per_second": 14.176}, "williams_2017": {"test_loss": 0.8453162312507629, "test_accuracy": 0.7289002557544757, "test_f1": 0.19083969465648853, "test_precision": 0.352112676056338, "test_recall": 0.13089005235602094, "test_roc_auc": 0.5928809985737192, "test_runtime": 0.5598, "test_samples_per_second": 1397.022, "test_steps_per_second": 23.224}}