{"scalabrino_2017_RQ1": {"test_loss": 0.24004004895687103, "test_accuracy": 0.9331103678929766, "test_f1": 0.8518518518518519, "test_precision": 0.8455882352941176, "test_recall": 0.8582089552238806, "test_roc_auc": 0.9546127123005661, "test_runtime": 1.4187, "test_samples_per_second": 421.52, "test_steps_per_second": 7.049}}