{"maalej_2016": {"test_loss": 0.2532060742378235, "test_accuracy": 0.8876404494382022, "test_f1": 0.34782608695652173, "test_precision": 0.32, "test_recall": 0.38095238095238093, "test_roc_auc": 0.8879210220673635, "test_runtime": 0.652, "test_samples_per_second": 409.512, "test_steps_per_second": 7.669}}