{"maalej_2016": {"test_loss": 0.2703951597213745, "test_accuracy": 0.8611111111111112, "test_f1": 0.4871794871794872, "test_precision": 0.3958333333333333, "test_recall": 0.6333333333333333, "test_roc_auc": 0.8863049095607235, "test_runtime": 0.5107, "test_samples_per_second": 563.92, "test_steps_per_second": 9.79}}