{"scalabrino_2017_RQ1": {"test_loss": 0.5159199833869934, "test_accuracy": 0.9230769230769231, "test_f1": 0.8333333333333333, "test_precision": 0.8098591549295775, "test_recall": 0.8582089552238806, "test_roc_auc": 0.9278338908903756, "test_runtime": 1.4201, "test_samples_per_second": 421.112, "test_steps_per_second": 7.042}}