{"guzman_2015": {"test_loss": 0.37220922112464905, "test_accuracy": 0.8255416191562144, "test_f1": 0.2153846153846154, "test_precision": 0.1926605504587156, "test_recall": 0.2441860465116279, "test_roc_auc": 0.7287948725487313, "test_runtime": 2.0456, "test_samples_per_second": 428.717, "test_steps_per_second": 6.844}, "scalabrino_2017_RQ1": {"test_loss": 0.41916701197624207, "test_accuracy": 0.7675585284280937, "test_f1": 0.21468926553672316, "test_precision": 0.1743119266055046, "test_recall": 0.27941176470588236, "test_roc_auc": 0.7437846836847947, "test_runtime": 1.4147, "test_samples_per_second": 422.715, "test_steps_per_second": 7.069}, "scalabrino_2017_RQ3": {"test_loss": 1.181945562362671, "test_accuracy": 0.4859154929577465, "test_f1": 0.24742268041237114, "test_precision": 0.2033898305084746, "test_recall": 0.3157894736842105, "test_roc_auc": 0.37879554655870445, "test_runtime": 0.2175, "test_samples_per_second": 653.005, "test_steps_per_second": 13.796}, "tizard_2019": {"test_loss": 0.44782015681266785, "test_accuracy": 0.7768595041322314, "test_f1": 0.0898876404494382, "test_precision": 0.05263157894736842, "test_recall": 0.3076923076923077, "test_roc_auc": 0.5965384615384616, "test_runtime": 0.844, "test_samples_per_second": 860.169, "test_steps_per_second": 14.218}, "williams_2017": {"test_loss": 0.6843432784080505, "test_accuracy": 0.6240409207161125, "test_f1": 0.31627906976744186, "test_precision": 0.28451882845188287, "test_recall": 0.35602094240837695, "test_roc_auc": 0.5923494653661822, "test_runtime": 0.5482, "test_samples_per_second": 1426.362, "test_steps_per_second": 23.712}}