{"ciurumelea_2017": {"test_loss": 1.0254011154174805, "test_accuracy": 0.8434504792332268, "test_f1": 0.7407407407407406, "test_precision": 0.7526881720430108, "test_recall": 0.7291666666666666, "test_roc_auc": 0.8588709677419355, "test_runtime": 0.6855, "test_samples_per_second": 456.59, "test_steps_per_second": 7.294}}