{"scalabrino_2017_RQ3": {"test_loss": 0.8939151763916016, "test_accuracy": 0.8309859154929577, "test_f1": 0.6666666666666667, "test_precision": 0.7058823529411765, "test_recall": 0.631578947368421, "test_roc_auc": 0.8438765182186235, "test_runtime": 0.2152, "test_samples_per_second": 659.713, "test_steps_per_second": 13.938}}