{"maalej_2016": {"test_loss": 0.47610440850257874, "test_accuracy": 0.84375, "test_f1": 0.4, "test_precision": 0.32608695652173914, "test_recall": 0.5172413793103449, "test_roc_auc": 0.821062441752097, "test_runtime": 0.6764, "test_samples_per_second": 425.79, "test_steps_per_second": 7.392}}