{"ciurumelea_2017": {"test_loss": 0.5600259304046631, "test_accuracy": 0.7220447284345048, "test_f1": 0.485207100591716, "test_precision": 0.6212121212121212, "test_recall": 0.39805825242718446, "test_roc_auc": 0.784882108183079, "test_runtime": 0.6669, "test_samples_per_second": 469.362, "test_steps_per_second": 7.498}, "guzman_2015": {"test_loss": 0.4653012752532959, "test_accuracy": 0.7366020524515393, "test_f1": 0.5237113402061855, "test_precision": 0.4409722222222222, "test_recall": 0.6446700507614214, "test_roc_auc": 0.8008733950432966, "test_runtime": 2.0513, "test_samples_per_second": 427.539, "test_steps_per_second": 6.825}, "scalabrino_2017_RQ1": {"test_loss": 0.452310711145401, "test_accuracy": 0.774247491638796, "test_f1": 0.599406528189911, "test_precision": 0.5906432748538012, "test_recall": 0.608433734939759, "test_roc_auc": 0.8265283355644801, "test_runtime": 1.4163, "test_samples_per_second": 422.222, "test_steps_per_second": 7.061}, "scalabrino_2017_RQ3": {"test_loss": 0.7209656238555908, "test_accuracy": 0.6549295774647887, "test_f1": 0.7167630057803468, "test_precision": 0.7948717948717948, "test_recall": 0.6526315789473685, "test_roc_auc": 0.7032474804031356, "test_runtime": 0.2628, "test_samples_per_second": 540.289, "test_steps_per_second": 11.415}, "tizard_2019": {"test_loss": 0.38004177808761597, "test_accuracy": 0.8333333333333334, "test_f1": 0.17687074829931973, "test_precision": 0.2, "test_recall": 0.15853658536585366, "test_roc_auc": 0.6808438115437054, "test_runtime": 0.8108, "test_samples_per_second": 895.458, "test_steps_per_second": 14.801}, "williams_2017": {"test_loss": 0.5477114915847778, "test_accuracy": 0.7250639386189258, "test_f1": 0.40771349862258954, "test_precision": 0.5068493150684932, "test_recall": 0.34101382488479265, "test_roc_auc": 0.7078993515762, "test_runtime": 0.5497, "test_samples_per_second": 1422.568, "test_steps_per_second": 23.649}}