{"scalabrino_2017_RQ1": {"test_loss": 0.2979697585105896, "test_accuracy": 0.9113712374581939, "test_f1": 0.29333333333333333, "test_precision": 0.4782608695652174, "test_recall": 0.21153846153846154, "test_roc_auc": 0.8529867568329107, "test_runtime": 1.4, "test_samples_per_second": 427.139, "test_steps_per_second": 7.143}, "scalabrino_2017_RQ3": {"test_loss": 1.0906481742858887, "test_accuracy": 0.795774647887324, "test_f1": 0.2926829268292683, "test_precision": 0.5, "test_recall": 0.20689655172413793, "test_roc_auc": 0.4647543484894721, "test_runtime": 0.2754, "test_samples_per_second": 515.606, "test_steps_per_second": 10.893}, "maalej_2016": {"test_loss": 0.7115444540977478, "test_accuracy": 0.84375, "test_f1": 0.18181818181818182, "test_precision": 0.35714285714285715, "test_recall": 0.12195121951219512, "test_roc_auc": 0.6614002172410387, "test_runtime": 0.6764, "test_samples_per_second": 425.805, "test_steps_per_second": 7.392}, "tizard_2019": {"test_loss": 0.1968795359134674, "test_accuracy": 0.9462809917355371, "test_f1": 0.1333333333333333, "test_precision": 0.12, "test_recall": 0.15, "test_roc_auc": 0.5773371104815864, "test_runtime": 1.2403, "test_samples_per_second": 585.326, "test_steps_per_second": 9.675}, "williams_2017": {"test_loss": 1.0683493614196777, "test_accuracy": 0.7698209718670077, "test_f1": 0.14285714285714285, "test_precision": 0.8333333333333334, "test_recall": 0.078125, "test_roc_auc": 0.6894950564971751, "test_runtime": 0.5065, "test_samples_per_second": 1543.903, "test_steps_per_second": 25.666}}