{"guzman_2015": {"test_loss": 0.5359916687011719, "test_accuracy": 0.9064994298745724, "test_f1": 0.0, "test_precision": 0.0, "test_recall": 0.0, "test_roc_auc": 0.5863782788771283, "test_runtime": 2.0433, "test_samples_per_second": 429.212, "test_steps_per_second": 6.852}, "scalabrino_2017_RQ1": {"test_loss": 0.5311004519462585, "test_accuracy": 0.9130434782608695, "test_f1": 0.0, "test_precision": 0.0, "test_recall": 0.0, "test_roc_auc": 0.6241899126514512, "test_runtime": 1.4092, "test_samples_per_second": 424.357, "test_steps_per_second": 7.096}, "maalej_2016": {"test_loss": 0.5246723294258118, "test_accuracy": 0.9233128834355828, "test_f1": 0.0, "test_precision": 0.0, "test_recall": 0.0, "test_roc_auc": 0.6391029900332226, "test_runtime": 1.5353, "test_samples_per_second": 424.663, "test_steps_per_second": 7.165}, "tizard_2019": {"test_loss": 0.5106545090675354, "test_accuracy": 0.9724517906336089, "test_f1": 0.0, "test_precision": 0.0, "test_recall": 0.0, "test_roc_auc": 0.4674220963172805, "test_runtime": 1.2439, "test_samples_per_second": 583.634, "test_steps_per_second": 9.647}, "williams_2017": {"test_loss": 0.6059664487838745, "test_accuracy": 0.7544757033248082, "test_f1": 0.0, "test_precision": 0.0, "test_recall": 0.0, "test_roc_auc": 0.5593661723163841, "test_runtime": 0.4855, "test_samples_per_second": 1610.584, "test_steps_per_second": 26.774}}