{"guzman_2015": {"test_loss": 0.2827300727367401, "test_accuracy": 0.8848346636259977, "test_f1": 0.48205128205128206, "test_precision": 0.415929203539823, "test_recall": 0.573170731707317, "test_roc_auc": 0.8804264457738917, "test_runtime": 2.0895, "test_samples_per_second": 419.721, "test_steps_per_second": 6.7}, "scalabrino_2017_RQ1": {"test_loss": 0.23090896010398865, "test_accuracy": 0.9080267558528428, "test_f1": 0.5864661654135339, "test_precision": 0.48148148148148145, "test_recall": 0.75, "test_roc_auc": 0.9348408002254156, "test_runtime": 1.4526, "test_samples_per_second": 411.667, "test_steps_per_second": 6.884}, "scalabrino_2017_RQ3": {"test_loss": 0.5404118299484253, "test_accuracy": 0.8028169014084507, "test_f1": 0.4615384615384615, "test_precision": 0.5217391304347826, "test_recall": 0.41379310344827586, "test_roc_auc": 0.7281049740616418, "test_runtime": 0.292, "test_samples_per_second": 486.32, "test_steps_per_second": 10.274}, "maalej_2016": {"test_loss": 0.44489786028862, "test_accuracy": 0.8472222222222222, "test_f1": 0.29032258064516125, "test_precision": 0.42857142857142855, "test_recall": 0.21951219512195122, "test_roc_auc": 0.76557716994174, "test_runtime": 0.6996, "test_samples_per_second": 411.664, "test_steps_per_second": 7.147}, "tizard_2019": {"test_loss": 0.15490347146987915, "test_accuracy": 0.9449035812672176, "test_f1": 0.2, "test_precision": 0.16666666666666666, "test_recall": 0.25, "test_roc_auc": 0.7748583569405099, "test_runtime": 1.2686, "test_samples_per_second": 572.277, "test_steps_per_second": 9.459}, "williams_2017": {"test_loss": 0.5281673073768616, "test_accuracy": 0.7544757033248082, "test_f1": 0.6144578313253012, "test_precision": 0.5, "test_recall": 0.796875, "test_roc_auc": 0.8549435028248589, "test_runtime": 0.5475, "test_samples_per_second": 1428.321, "test_steps_per_second": 23.744}}