{"guzman_2015": {"test_loss": 0.4034878611564636, "test_accuracy": 0.8939566704675028, "test_f1": 0.021052631578947368, "test_precision": 0.14285714285714285, "test_recall": 0.011363636363636364, "test_roc_auc": 0.7322128125360065, "test_runtime": 2.0417, "test_samples_per_second": 429.544, "test_steps_per_second": 6.857}, "scalabrino_2017_RQ1": {"test_loss": 0.41727980971336365, "test_accuracy": 0.8846153846153846, "test_f1": 0.1038961038961039, "test_precision": 0.26666666666666666, "test_recall": 0.06451612903225806, "test_roc_auc": 0.6986639383726528, "test_runtime": 0.9208, "test_samples_per_second": 649.431, "test_steps_per_second": 10.86}, "scalabrino_2017_RQ3": {"test_loss": 1.0245966911315918, "test_accuracy": 0.7183098591549296, "test_f1": 0.047619047619047616, "test_precision": 0.125, "test_recall": 0.029411764705882353, "test_roc_auc": 0.4376361655773421, "test_runtime": 0.2638, "test_samples_per_second": 538.189, "test_steps_per_second": 11.37}, "tizard_2019": {"test_loss": 0.2402113974094391, "test_accuracy": 0.9242424242424242, "test_f1": 0.0, "test_precision": 0.0, "test_recall": 0.0, "test_roc_auc": 0.5824251069900143, "test_runtime": 1.2426, "test_samples_per_second": 584.25, "test_steps_per_second": 9.657}, "williams_2017": {"test_loss": 0.7777613997459412, "test_accuracy": 0.7698209718670077, "test_f1": 0.0625, "test_precision": 0.4, "test_recall": 0.03389830508474576, "test_roc_auc": 0.5988140262408367, "test_runtime": 0.5448, "test_samples_per_second": 1435.327, "test_steps_per_second": 23.861}}