{"williams_2017": {"test_loss": 0.5998300909996033, "test_accuracy": 0.8247809762202754, "test_f1": 0.5070422535211268, "test_precision": 0.4768211920529801, "test_recall": 0.5413533834586466, "test_roc_auc": 0.8289868816184606, "test_runtime": 0.6168, "test_samples_per_second": 1295.412, "test_steps_per_second": 21.077}}