{"maalej_2016": {"test_loss": 0.37253719568252563, "test_accuracy": 0.8680555555555556, "test_f1": 0.3448275862068965, "test_precision": 0.35714285714285715, "test_recall": 0.3333333333333333, "test_roc_auc": 0.8041343669250646, "test_runtime": 0.6974, "test_samples_per_second": 412.988, "test_steps_per_second": 7.17}}