{"ciurumelea_2017": {"test_loss": 0.3347241282463074, "test_accuracy": 0.8502202643171806, "test_f1": 0.5853658536585366, "test_precision": 0.5106382978723404, "test_recall": 0.6857142857142857, "test_roc_auc": 0.8792782738095238, "test_runtime": 0.5788, "test_samples_per_second": 784.41, "test_steps_per_second": 13.822}, "guzman_2015": {"test_loss": 0.3206551671028137, "test_accuracy": 0.8530805687203792, "test_f1": 0.742382271468144, "test_precision": 0.6552567237163814, "test_recall": 0.8562300319488818, "test_roc_auc": 0.9367123829574674, "test_runtime": 3.0169, "test_samples_per_second": 419.637, "test_steps_per_second": 6.629}, "scalabrino_2017_RQ1": {"test_loss": 0.18478119373321533, "test_accuracy": 0.9232343909928352, "test_f1": 0.8623853211009174, "test_precision": 0.7755775577557755, "test_recall": 0.9710743801652892, "test_roc_auc": 0.9852813852813853, "test_runtime": 2.3442, "test_samples_per_second": 416.781, "test_steps_per_second": 6.825}, "scalabrino_2017_RQ3": {"test_loss": 1.005448818206787, "test_accuracy": 0.6842105263157895, "test_f1": 0.6999999999999998, "test_precision": 0.7887323943661971, "test_recall": 0.6292134831460674, "test_roc_auc": 0.7412163367219547, "test_runtime": 0.2531, "test_samples_per_second": 600.629, "test_steps_per_second": 11.855}, "maalej_2016": {"test_loss": 0.3845655620098114, "test_accuracy": 0.8406779661016949, "test_f1": 0.5052631578947367, "test_precision": 0.375, "test_recall": 0.7741935483870968, "test_roc_auc": 0.8867302052785924, "test_runtime": 0.713, "test_samples_per_second": 413.751, "test_steps_per_second": 7.013}, "tizard_2019": {"test_loss": 0.23343566060066223, "test_accuracy": 0.8990384615384616, "test_f1": 0.22222222222222218, "test_precision": 0.13953488372093023, "test_recall": 0.5454545454545454, "test_roc_auc": 0.8673400673400674, "test_runtime": 0.361, "test_samples_per_second": 1152.22, "test_steps_per_second": 19.388}, "williams_2017": {"test_loss": 0.5232542753219604, "test_accuracy": 0.7405541561712846, "test_f1": 0.6185185185185185, "test_precision": 0.47988505747126436, "test_recall": 0.8697916666666666, "test_roc_auc": 0.8950027685492802, "test_runtime": 0.622, "test_samples_per_second": 1276.466, "test_steps_per_second": 20.899}}