{"maalej_2016": {"test_loss": 0.27582645416259766, "test_accuracy": 0.8854166666666666, "test_f1": 0.5925925925925927, "test_precision": 0.5217391304347826, "test_recall": 0.6857142857142857, "test_roc_auc": 0.9317899491812536, "test_runtime": 0.5596, "test_samples_per_second": 514.636, "test_steps_per_second": 8.935}}