{"ciurumelea_2017": {"test_loss": 0.2865756154060364, "test_accuracy": 0.8881789137380192, "test_f1": 0.7928994082840237, "test_precision": 0.7790697674418605, "test_recall": 0.8072289156626506, "test_roc_auc": 0.9464641173389209, "test_runtime": 0.6698, "test_samples_per_second": 467.278, "test_steps_per_second": 7.465}, "guzman_2015": {"test_loss": 0.29898908734321594, "test_accuracy": 0.8825541619156214, "test_f1": 0.7643020594965675, "test_precision": 0.6958333333333333, "test_recall": 0.8477157360406091, "test_roc_auc": 0.9401612421618393, "test_runtime": 2.0895, "test_samples_per_second": 419.721, "test_steps_per_second": 6.7}, "scalabrino_2017_RQ1": {"test_loss": 0.1985994279384613, "test_accuracy": 0.9280936454849499, "test_f1": 0.8685015290519877, "test_precision": 0.8304093567251462, "test_recall": 0.9102564102564102, "test_roc_auc": 0.9710958347836176, "test_runtime": 1.4564, "test_samples_per_second": 410.592, "test_steps_per_second": 6.866}, "scalabrino_2017_RQ3": {"test_loss": 0.4194630980491638, "test_accuracy": 0.8450704225352113, "test_f1": 0.8981481481481481, "test_precision": 0.8981481481481481, "test_recall": 0.8981481481481481, "test_roc_auc": 0.8956971677559913, "test_runtime": 0.2981, "test_samples_per_second": 476.397, "test_steps_per_second": 10.065}, "maalej_2016": {"test_loss": 0.45731109380722046, "test_accuracy": 0.8194444444444444, "test_f1": 0.38095238095238093, "test_precision": 0.2962962962962963, "test_recall": 0.5333333333333333, "test_roc_auc": 0.8481912144702842, "test_runtime": 0.5164, "test_samples_per_second": 557.653, "test_steps_per_second": 9.681}, "tizard_2019": {"test_loss": 0.34789547324180603, "test_accuracy": 0.8636363636363636, "test_f1": 0.5025125628140703, "test_precision": 0.45871559633027525, "test_recall": 0.5555555555555556, "test_roc_auc": 0.8614605171208944, "test_runtime": 0.8683, "test_samples_per_second": 836.076, "test_steps_per_second": 13.819}, "williams_2017": {"test_loss": 0.4296610355377197, "test_accuracy": 0.8081841432225064, "test_f1": 0.6848739495798319, "test_precision": 0.6127819548872181, "test_recall": 0.7761904761904762, "test_roc_auc": 0.8874875124875126, "test_runtime": 0.5965, "test_samples_per_second": 1310.88, "test_steps_per_second": 21.792}}