{"guzman_2015": {"test_loss": 0.38650327920913696, "test_accuracy": 0.814139110604333, "test_f1": 0.3940520446096654, "test_precision": 0.2774869109947644, "test_recall": 0.6794871794871795, "test_roc_auc": 0.8503257276724111, "test_runtime": 2.0914, "test_samples_per_second": 419.34, "test_steps_per_second": 6.694}, "scalabrino_2017_RQ1": {"test_loss": 0.2570022940635681, "test_accuracy": 0.8896321070234113, "test_f1": 0.6373626373626373, "test_precision": 0.5321100917431193, "test_recall": 0.7945205479452054, "test_roc_auc": 0.9370384866275276, "test_runtime": 1.4333, "test_samples_per_second": 417.218, "test_steps_per_second": 6.977}, "scalabrino_2017_RQ3": {"test_loss": 0.36797305941581726, "test_accuracy": 0.8591549295774648, "test_f1": 0.6551724137931034, "test_precision": 0.5428571428571428, "test_recall": 0.8260869565217391, "test_roc_auc": 0.8523931311655097, "test_runtime": 0.3007, "test_samples_per_second": 472.309, "test_steps_per_second": 9.978}, "maalej_2016": {"test_loss": 0.5371554493904114, "test_accuracy": 0.7604166666666666, "test_f1": 0.28865979381443296, "test_precision": 0.24561403508771928, "test_recall": 0.35, "test_roc_auc": 0.6953629032258064, "test_runtime": 0.5033, "test_samples_per_second": 572.251, "test_steps_per_second": 9.935}, "tizard_2019": {"test_loss": 0.22736568748950958, "test_accuracy": 0.9035812672176309, "test_f1": 0.2553191489361702, "test_precision": 0.16901408450704225, "test_recall": 0.5217391304347826, "test_roc_auc": 0.7813099140330262, "test_runtime": 0.8388, "test_samples_per_second": 865.511, "test_steps_per_second": 14.306}, "williams_2017": {"test_loss": 0.7414134740829468, "test_accuracy": 0.6265984654731458, "test_f1": 0.5084175084175084, "test_precision": 0.3544600938967136, "test_recall": 0.8988095238095238, "test_roc_auc": 0.8387622149837133, "test_runtime": 0.5927, "test_samples_per_second": 1319.435, "test_steps_per_second": 21.934}}