{"guzman_2015": {"test_loss": 0.4040905833244324, "test_accuracy": 0.8255416191562144, "test_f1": 0.17297297297297298, "test_precision": 0.1553398058252427, "test_recall": 0.1951219512195122, "test_roc_auc": 0.6709311244055838, "test_runtime": 2.0431, "test_samples_per_second": 429.244, "test_steps_per_second": 6.852}, "scalabrino_2017_RQ1": {"test_loss": 0.4105154573917389, "test_accuracy": 0.7692307692307693, "test_f1": 0.15853658536585366, "test_precision": 0.11607142857142858, "test_recall": 0.25, "test_roc_auc": 0.7164342068188222, "test_runtime": 1.4097, "test_samples_per_second": 424.19, "test_steps_per_second": 7.093}, "scalabrino_2017_RQ3": {"test_loss": 1.0241559743881226, "test_accuracy": 0.5704225352112676, "test_f1": 0.16438356164383564, "test_precision": 0.13636363636363635, "test_recall": 0.20689655172413793, "test_roc_auc": 0.39090631675312787, "test_runtime": 0.2817, "test_samples_per_second": 504.017, "test_steps_per_second": 10.648}, "tizard_2019": {"test_loss": 0.4412074089050293, "test_accuracy": 0.7603305785123967, "test_f1": 0.03333333333333333, "test_precision": 0.01875, "test_recall": 0.15, "test_roc_auc": 0.47492917847025495, "test_runtime": 1.2338, "test_samples_per_second": 588.441, "test_steps_per_second": 9.726}, "williams_2017": {"test_loss": 0.6712532639503479, "test_accuracy": 0.6534526854219949, "test_f1": 0.34382566585956414, "test_precision": 0.3212669683257919, "test_recall": 0.3697916666666667, "test_roc_auc": 0.5909516242937852, "test_runtime": 0.4893, "test_samples_per_second": 1598.078, "test_steps_per_second": 26.567}}