{"guzman_2015": {"test_loss": 0.4034266471862793, "test_accuracy": 0.8084378563283923, "test_f1": 0.37777777777777777, "test_precision": 0.2712765957446808, "test_recall": 0.6219512195121951, "test_roc_auc": 0.7981438870992483, "test_runtime": 2.0487, "test_samples_per_second": 428.081, "test_steps_per_second": 6.834}, "scalabrino_2017_RQ3": {"test_loss": 0.9054008722305298, "test_accuracy": 0.6901408450704225, "test_f1": 0.2413793103448276, "test_precision": 0.2413793103448276, "test_recall": 0.2413793103448276, "test_roc_auc": 0.45254806225205985, "test_runtime": 0.2855, "test_samples_per_second": 497.428, "test_steps_per_second": 10.509}, "maalej_2016": {"test_loss": 0.5117844939231873, "test_accuracy": 0.8229166666666666, "test_f1": 0.2608695652173913, "test_precision": 0.32142857142857145, "test_recall": 0.21951219512195122, "test_roc_auc": 0.7160067147230177, "test_runtime": 0.6769, "test_samples_per_second": 425.451, "test_steps_per_second": 7.386}, "tizard_2019": {"test_loss": 0.3388441503047943, "test_accuracy": 0.8402203856749312, "test_f1": 0.016949152542372878, "test_precision": 0.01020408163265306, "test_recall": 0.05, "test_roc_auc": 0.5405807365439094, "test_runtime": 1.238, "test_samples_per_second": 586.412, "test_steps_per_second": 9.693}, "williams_2017": {"test_loss": 0.7117433547973633, "test_accuracy": 0.6675191815856778, "test_f1": 0.3157894736842105, "test_precision": 0.3191489361702128, "test_recall": 0.3125, "test_roc_auc": 0.6009092514124293, "test_runtime": 0.4923, "test_samples_per_second": 1588.499, "test_steps_per_second": 26.407}}