{"guzman_2015": {"test_loss": 0.42223089933395386, "test_accuracy": 0.8027366020524516, "test_f1": 0.33204633204633205, "test_precision": 0.24293785310734464, "test_recall": 0.524390243902439, "test_roc_auc": 0.7907040957202024, "test_runtime": 2.0468, "test_samples_per_second": 428.478, "test_steps_per_second": 6.84}, "scalabrino_2017_RQ1": {"test_loss": 0.3775137662887573, "test_accuracy": 0.8193979933110368, "test_f1": 0.325, "test_precision": 0.24074074074074073, "test_recall": 0.5, "test_roc_auc": 0.8088193857424626, "test_runtime": 1.4062, "test_samples_per_second": 425.245, "test_steps_per_second": 7.111}, "scalabrino_2017_RQ3": {"test_loss": 0.6844627261161804, "test_accuracy": 0.704225352112676, "test_f1": 0.32258064516129037, "test_precision": 0.30303030303030304, "test_recall": 0.3448275862068966, "test_roc_auc": 0.6106194690265487, "test_runtime": 0.2711, "test_samples_per_second": 523.867, "test_steps_per_second": 11.068}, "maalej_2016": {"test_loss": 0.45350950956344604, "test_accuracy": 0.8052147239263804, "test_f1": 0.16993464052287582, "test_precision": 0.1262135922330097, "test_recall": 0.26, "test_roc_auc": 0.6709966777408638, "test_runtime": 1.5306, "test_samples_per_second": 425.969, "test_steps_per_second": 7.187}, "tizard_2019": {"test_loss": 0.43742915987968445, "test_accuracy": 0.8085399449035813, "test_f1": 0.12578616352201258, "test_precision": 0.07194244604316546, "test_recall": 0.5, "test_roc_auc": 0.7030453257790368, "test_runtime": 1.2539, "test_samples_per_second": 578.977, "test_steps_per_second": 9.57}}