{"maalej_2016": {"test_loss": 0.4325687885284424, "test_accuracy": 0.8298611111111112, "test_f1": 0.40963855421686746, "test_precision": 0.32075471698113206, "test_recall": 0.5666666666666667, "test_roc_auc": 0.8209302325581396, "test_runtime": 0.4921, "test_samples_per_second": 585.205, "test_steps_per_second": 10.16}}