{"guzman_2015": {"test_loss": 0.5104441046714783, "test_accuracy": 0.7297605473204105, "test_f1": 0.38759689922480617, "test_precision": 0.40106951871657753, "test_recall": 0.375, "test_roc_auc": 0.7033751846381094, "test_runtime": 2.0497, "test_samples_per_second": 427.861, "test_steps_per_second": 6.83}, "scalabrino_2017_RQ1": {"test_loss": 0.5004348754882812, "test_accuracy": 0.7324414715719063, "test_f1": 0.37499999999999994, "test_precision": 0.46153846153846156, "test_recall": 0.3157894736842105, "test_roc_auc": 0.7346147037998583, "test_runtime": 0.925, "test_samples_per_second": 646.464, "test_steps_per_second": 10.81}, "scalabrino_2017_RQ3": {"test_loss": 0.8155360817909241, "test_accuracy": 0.45774647887323944, "test_f1": 0.43795620437956206, "test_precision": 0.7894736842105263, "test_recall": 0.30303030303030304, "test_roc_auc": 0.6192154099130843, "test_runtime": 0.2577, "test_samples_per_second": 551.104, "test_steps_per_second": 11.643}, "maalej_2016": {"test_loss": 0.37920352816581726, "test_accuracy": 0.8298611111111112, "test_f1": 0.2686567164179105, "test_precision": 0.2903225806451613, "test_recall": 0.25, "test_roc_auc": 0.8240189594356262, "test_runtime": 0.6751, "test_samples_per_second": 426.578, "test_steps_per_second": 7.406}, "tizard_2019": {"test_loss": 0.38316720724105835, "test_accuracy": 0.8884297520661157, "test_f1": 0.047058823529411764, "test_precision": 0.1111111111111111, "test_recall": 0.029850746268656716, "test_roc_auc": 0.6362874549860712, "test_runtime": 1.2456, "test_samples_per_second": 582.873, "test_steps_per_second": 9.634}, "williams_2017": {"test_loss": 0.5603836178779602, "test_accuracy": 0.7237851662404092, "test_f1": 0.09999999999999999, "test_precision": 0.7058823529411765, "test_recall": 0.053811659192825115, "test_roc_auc": 0.6969283714512623, "test_runtime": 0.5579, "test_samples_per_second": 1401.802, "test_steps_per_second": 23.304}}