{"guzman_2015": {"test_loss": 0.5299585461616516, "test_accuracy": 0.9201824401368301, "test_f1": 0.0, "test_precision": 0.0, "test_recall": 0.0, "test_roc_auc": 0.5971499380421313, "test_runtime": 2.0374, "test_samples_per_second": 430.45, "test_steps_per_second": 6.871}, "scalabrino_2017_RQ1": {"test_loss": 0.5405151844024658, "test_accuracy": 0.8963210702341137, "test_f1": 0.0, "test_precision": 0.0, "test_recall": 0.0, "test_roc_auc": 0.6174470389985556, "test_runtime": 1.4134, "test_samples_per_second": 423.103, "test_steps_per_second": 7.075}, "maalej_2016": {"test_loss": 0.5213625431060791, "test_accuracy": 0.9309815950920245, "test_f1": 0.0, "test_precision": 0.0, "test_recall": 0.0, "test_roc_auc": 0.6484349258649094, "test_runtime": 1.1641, "test_samples_per_second": 560.082, "test_steps_per_second": 9.449}, "tizard_2019": {"test_loss": 0.514738917350769, "test_accuracy": 0.9628099173553719, "test_f1": 0.0, "test_precision": 0.0, "test_recall": 0.0, "test_roc_auc": 0.5691728924919197, "test_runtime": 0.8066, "test_samples_per_second": 900.073, "test_steps_per_second": 14.877}, "williams_2017": {"test_loss": 0.6105861067771912, "test_accuracy": 0.7442455242966752, "test_f1": 0.0, "test_precision": 0.0, "test_recall": 0.0, "test_roc_auc": 0.535171821305842, "test_runtime": 0.5359, "test_samples_per_second": 1459.201, "test_steps_per_second": 24.258}}