{"guzman_2015": {"test_loss": 0.22268147766590118, "test_accuracy": 0.9064994298745724, "test_f1": 0.5119047619047619, "test_precision": 0.5375, "test_recall": 0.48863636363636365, "test_roc_auc": 0.9032290586473095, "test_runtime": 2.0755, "test_samples_per_second": 422.555, "test_steps_per_second": 6.745}, "scalabrino_2017_RQ1": {"test_loss": 0.1874445527791977, "test_accuracy": 0.9297658862876255, "test_f1": 0.7000000000000001, "test_precision": 0.6282051282051282, "test_recall": 0.7903225806451613, "test_roc_auc": 0.9446015888300433, "test_runtime": 0.9682, "test_samples_per_second": 617.666, "test_steps_per_second": 10.329}, "scalabrino_2017_RQ3": {"test_loss": 0.4737038314342499, "test_accuracy": 0.8591549295774648, "test_f1": 0.6428571428571428, "test_precision": 0.8181818181818182, "test_recall": 0.5294117647058824, "test_roc_auc": 0.7794117647058824, "test_runtime": 0.2681, "test_samples_per_second": 529.581, "test_steps_per_second": 11.188}, "maalej_2016": {"test_loss": 0.3565809428691864, "test_accuracy": 0.8715277777777778, "test_f1": 0.24489795918367346, "test_precision": 0.3157894736842105, "test_recall": 0.2, "test_roc_auc": 0.7551679586563308, "test_runtime": 0.6886, "test_samples_per_second": 418.253, "test_steps_per_second": 7.261}, "tizard_2019": {"test_loss": 0.15565532445907593, "test_accuracy": 0.953168044077135, "test_f1": 0.2608695652173913, "test_precision": 0.2857142857142857, "test_recall": 0.24, "test_roc_auc": 0.7586875891583452, "test_runtime": 1.2687, "test_samples_per_second": 572.226, "test_steps_per_second": 9.458}, "williams_2017": {"test_loss": 0.42104488611221313, "test_accuracy": 0.8184143222506394, "test_f1": 0.6223404255319149, "test_precision": 0.5879396984924623, "test_recall": 0.6610169491525424, "test_roc_auc": 0.8447494980622869, "test_runtime": 0.5919, "test_samples_per_second": 1321.254, "test_steps_per_second": 21.965}}