{"ciurumelea_2017": {"test_loss": 0.5307245850563049, "test_accuracy": 0.8274760383386581, "test_f1": 0.6538461538461537, "test_precision": 0.85, "test_recall": 0.53125, "test_roc_auc": 0.906874039938556, "test_runtime": 0.6638, "test_samples_per_second": 471.495, "test_steps_per_second": 7.532}}