{"ciurumelea_2017": {"test_loss": 0.30118849873542786, "test_accuracy": 0.8705501618122977, "test_f1": 0.6491228070175439, "test_precision": 0.7254901960784313, "test_recall": 0.5873015873015873, "test_roc_auc": 0.917279648986966, "test_runtime": 0.3751, "test_samples_per_second": 823.836, "test_steps_per_second": 13.331}, "guzman_2015": {"test_loss": 0.30903491377830505, "test_accuracy": 0.8573692551505546, "test_f1": 0.7297297297297296, "test_precision": 0.6246786632390745, "test_recall": 0.8772563176895307, "test_roc_auc": 0.9398999431911891, "test_runtime": 2.9894, "test_samples_per_second": 422.165, "test_steps_per_second": 6.69}, "scalabrino_2017_RQ1": {"test_loss": 0.20658907294273376, "test_accuracy": 0.9277566539923955, "test_f1": 0.8989361702127661, "test_precision": 0.8802083333333334, "test_recall": 0.9184782608695652, "test_roc_auc": 0.9704265191965421, "test_runtime": 1.2752, "test_samples_per_second": 412.492, "test_steps_per_second": 7.058}, "scalabrino_2017_RQ3": {"test_loss": 0.5416792035102844, "test_accuracy": 0.7352941176470589, "test_f1": 0.6666666666666666, "test_precision": 0.6206896551724138, "test_recall": 0.72, "test_roc_auc": 0.8437209302325581, "test_runtime": 0.1474, "test_samples_per_second": 461.423, "test_steps_per_second": 13.571}, "maalej_2016": {"test_loss": 0.42233821749687195, "test_accuracy": 0.8323170731707317, "test_f1": 0.367816091954023, "test_precision": 0.2711864406779661, "test_recall": 0.5714285714285714, "test_roc_auc": 0.8039285714285714, "test_runtime": 0.5705, "test_samples_per_second": 574.898, "test_steps_per_second": 10.516}, "tizard_2019": {"test_loss": 0.2174263745546341, "test_accuracy": 0.8966346153846154, "test_f1": 0.18867924528301885, "test_precision": 0.11904761904761904, "test_recall": 0.45454545454545453, "test_roc_auc": 0.82334455667789, "test_runtime": 0.3554, "test_samples_per_second": 1170.597, "test_steps_per_second": 19.698}, "williams_2017": {"test_loss": 0.384041428565979, "test_accuracy": 0.8486111111111111, "test_f1": 0.5947955390334573, "test_precision": 0.7079646017699115, "test_recall": 0.5128205128205128, "test_roc_auc": 0.8721017457719585, "test_runtime": 0.5247, "test_samples_per_second": 1372.157, "test_steps_per_second": 22.869}}