{"ciurumelea_2017": {"test_loss": 0.7293816208839417, "test_accuracy": 0.7284345047923323, "test_f1": 0.14141414141414144, "test_precision": 0.4375, "test_recall": 0.08433734939759036, "test_roc_auc": 0.7037192247249869, "test_runtime": 0.6621, "test_samples_per_second": 472.768, "test_steps_per_second": 7.552}, "guzman_2015": {"test_loss": 0.7597622871398926, "test_accuracy": 0.7571265678449259, "test_f1": 0.1161825726141079, "test_precision": 0.3181818181818182, "test_recall": 0.07106598984771574, "test_roc_auc": 0.6264332636607943, "test_runtime": 2.0494, "test_samples_per_second": 427.926, "test_steps_per_second": 6.831}, "scalabrino_2017_RQ1": {"test_loss": 0.6765358448028564, "test_accuracy": 0.782608695652174, "test_f1": 0.3434343434343435, "test_precision": 0.8095238095238095, "test_recall": 0.21794871794871795, "test_roc_auc": 0.7429516185172294, "test_runtime": 1.4126, "test_samples_per_second": 423.344, "test_steps_per_second": 7.079}, "scalabrino_2017_RQ3": {"test_loss": 2.3349313735961914, "test_accuracy": 0.24647887323943662, "test_f1": 0.06956521739130435, "test_precision": 0.5714285714285714, "test_recall": 0.037037037037037035, "test_roc_auc": 0.5520152505446623, "test_runtime": 0.2869, "test_samples_per_second": 494.929, "test_steps_per_second": 10.456}, "maalej_2016": {"test_loss": 0.43124306201934814, "test_accuracy": 0.8888888888888888, "test_f1": 0.058823529411764705, "test_precision": 0.25, "test_recall": 0.03333333333333333, "test_roc_auc": 0.5882428940568476, "test_runtime": 0.4982, "test_samples_per_second": 578.098, "test_steps_per_second": 10.036}, "williams_2017": {"test_loss": 0.6426554918289185, "test_accuracy": 0.731457800511509, "test_f1": 0.27586206896551724, "test_precision": 0.5, "test_recall": 0.19047619047619047, "test_roc_auc": 0.6574675324675325, "test_runtime": 0.5547, "test_samples_per_second": 1409.802, "test_steps_per_second": 23.437}}