{"ciurumelea_2017": {"test_loss": 0.43386363983154297, "test_accuracy": 0.805111821086262, "test_f1": 0.5673758865248226, "test_precision": 0.6896551724137931, "test_recall": 0.4819277108433735, "test_roc_auc": 0.855683603981142, "test_runtime": 0.6588, "test_samples_per_second": 475.137, "test_steps_per_second": 7.59}, "guzman_2015": {"test_loss": 0.42959752678871155, "test_accuracy": 0.7913340935005702, "test_f1": 0.5653206650831355, "test_precision": 0.53125, "test_recall": 0.6040609137055838, "test_roc_auc": 0.8311585547924752, "test_runtime": 2.0518, "test_samples_per_second": 427.423, "test_steps_per_second": 6.823}, "scalabrino_2017_RQ1": {"test_loss": 0.3958796262741089, "test_accuracy": 0.8210702341137124, "test_f1": 0.6192170818505338, "test_precision": 0.696, "test_recall": 0.5576923076923077, "test_roc_auc": 0.871417797888386, "test_runtime": 1.4195, "test_samples_per_second": 421.275, "test_steps_per_second": 7.045}, "scalabrino_2017_RQ3": {"test_loss": 0.817050576210022, "test_accuracy": 0.6197183098591549, "test_f1": 0.6966292134831461, "test_precision": 0.8857142857142857, "test_recall": 0.5740740740740741, "test_roc_auc": 0.7366557734204793, "test_runtime": 0.2779, "test_samples_per_second": 511.033, "test_steps_per_second": 10.796}, "tizard_2019": {"test_loss": 0.41376927495002747, "test_accuracy": 0.8457300275482094, "test_f1": 0.15151515151515152, "test_precision": 0.23809523809523808, "test_recall": 0.1111111111111111, "test_roc_auc": 0.6634521313766597, "test_runtime": 0.8114, "test_samples_per_second": 894.782, "test_steps_per_second": 14.79}, "williams_2017": {"test_loss": 0.5648450255393982, "test_accuracy": 0.7468030690537084, "test_f1": 0.43103448275862066, "test_precision": 0.5434782608695652, "test_recall": 0.35714285714285715, "test_roc_auc": 0.7121045621045621, "test_runtime": 0.5549, "test_samples_per_second": 1409.236, "test_steps_per_second": 23.427}}