{"ciurumelea_2017": {"test_loss": 0.37234923243522644, "test_accuracy": 0.8594249201277955, "test_f1": 0.738095238095238, "test_precision": 0.8611111111111112, "test_recall": 0.6458333333333334, "test_roc_auc": 0.9261232718894009, "test_runtime": 0.6726, "test_samples_per_second": 465.386, "test_steps_per_second": 7.434}, "guzman_2015": {"test_loss": 0.2586037516593933, "test_accuracy": 0.887115165336374, "test_f1": 0.7257617728531857, "test_precision": 0.8238993710691824, "test_recall": 0.6485148514851485, "test_roc_auc": 0.9472460579391272, "test_runtime": 2.0886, "test_samples_per_second": 419.896, "test_steps_per_second": 6.703}, "scalabrino_2017_RQ1": {"test_loss": 0.19436071813106537, "test_accuracy": 0.931438127090301, "test_f1": 0.850909090909091, "test_precision": 0.8297872340425532, "test_recall": 0.8731343283582089, "test_roc_auc": 0.9646165723108595, "test_runtime": 1.4503, "test_samples_per_second": 412.328, "test_steps_per_second": 6.895}, "scalabrino_2017_RQ3": {"test_loss": 0.6137548685073853, "test_accuracy": 0.7605633802816901, "test_f1": 0.7875, "test_precision": 0.9130434782608695, "test_recall": 0.6923076923076923, "test_roc_auc": 0.8970049558284853, "test_runtime": 0.225, "test_samples_per_second": 631.101, "test_steps_per_second": 13.333}, "maalej_2016": {"test_loss": 0.33001017570495605, "test_accuracy": 0.8715277777777778, "test_f1": 0.463768115942029, "test_precision": 0.3902439024390244, "test_recall": 0.5714285714285714, "test_roc_auc": 0.848489010989011, "test_runtime": 0.5679, "test_samples_per_second": 507.094, "test_steps_per_second": 8.804}, "tizard_2019": {"test_loss": 0.2947007715702057, "test_accuracy": 0.8898071625344353, "test_f1": 0.4520547945205479, "test_precision": 0.5892857142857143, "test_recall": 0.36666666666666664, "test_roc_auc": 0.8632599580712788, "test_runtime": 0.8914, "test_samples_per_second": 814.412, "test_steps_per_second": 13.461}, "williams_2017": {"test_loss": 0.3736204504966736, "test_accuracy": 0.8439897698209718, "test_f1": 0.680628272251309, "test_precision": 0.8333333333333334, "test_recall": 0.5752212389380531, "test_roc_auc": 0.8998535684726555, "test_runtime": 0.6112, "test_samples_per_second": 1279.475, "test_steps_per_second": 21.27}}