{"ciurumelea_2017": {"test_loss": 0.8277878165245056, "test_accuracy": 0.7603833865814696, "test_f1": 0.4755244755244755, "test_precision": 0.85, "test_recall": 0.3300970873786408, "test_roc_auc": 0.8725843735552474, "test_runtime": 0.6646, "test_samples_per_second": 470.963, "test_steps_per_second": 7.523}, "scalabrino_2017_RQ1": {"test_loss": 0.44054868817329407, "test_accuracy": 0.8729096989966555, "test_f1": 0.7266187050359711, "test_precision": 0.9017857142857143, "test_recall": 0.608433734939759, "test_roc_auc": 0.9293005354752343, "test_runtime": 1.3996, "test_samples_per_second": 427.276, "test_steps_per_second": 7.145}, "scalabrino_2017_RQ3": {"test_loss": 1.4549487829208374, "test_accuracy": 0.5492957746478874, "test_f1": 0.5294117647058824, "test_precision": 0.8780487804878049, "test_recall": 0.37894736842105264, "test_roc_auc": 0.7964165733482642, "test_runtime": 0.2625, "test_samples_per_second": 540.992, "test_steps_per_second": 11.429}, "maalej_2016": {"test_loss": 0.520541787147522, "test_accuracy": 0.8368055555555556, "test_f1": 0.14545454545454548, "test_precision": 0.15384615384615385, "test_recall": 0.13793103448275862, "test_roc_auc": 0.7929703102116896, "test_runtime": 0.6869, "test_samples_per_second": 419.291, "test_steps_per_second": 7.279}, "tizard_2019": {"test_loss": 0.5094414949417114, "test_accuracy": 0.8553719008264463, "test_f1": 0.23357664233576642, "test_precision": 0.2909090909090909, "test_recall": 0.1951219512195122, "test_roc_auc": 0.7436752007271625, "test_runtime": 0.8065, "test_samples_per_second": 900.162, "test_steps_per_second": 14.879}, "williams_2017": {"test_loss": 0.9762862324714661, "test_accuracy": 0.7531969309462916, "test_f1": 0.23715415019762848, "test_precision": 0.8333333333333334, "test_recall": 0.1382488479262673, "test_roc_auc": 0.7928469475143756, "test_runtime": 0.5517, "test_samples_per_second": 1417.365, "test_steps_per_second": 23.562}}