{"ciurumelea_2017": {"test_loss": 0.7840497493743896, "test_accuracy": 0.7412140575079872, "test_f1": 0.4087591240875913, "test_precision": 0.6829268292682927, "test_recall": 0.2916666666666667, "test_roc_auc": 0.8074116743471581, "test_runtime": 0.6622, "test_samples_per_second": 472.652, "test_steps_per_second": 7.55}, "guzman_2015": {"test_loss": 0.5642622709274292, "test_accuracy": 0.8152793614595211, "test_f1": 0.4740259740259741, "test_precision": 0.6886792452830188, "test_recall": 0.3613861386138614, "test_roc_auc": 0.8016428309497615, "test_runtime": 2.0544, "test_samples_per_second": 426.879, "test_steps_per_second": 6.814}, "scalabrino_2017_RQ3": {"test_loss": 1.3527348041534424, "test_accuracy": 0.5985915492957746, "test_f1": 0.564885496183206, "test_precision": 0.925, "test_recall": 0.4065934065934066, "test_roc_auc": 0.7394957983193278, "test_runtime": 0.217, "test_samples_per_second": 654.304, "test_steps_per_second": 13.823}, "maalej_2016": {"test_loss": 0.3732064664363861, "test_accuracy": 0.8819444444444444, "test_f1": 0.3703703703703704, "test_precision": 0.38461538461538464, "test_recall": 0.35714285714285715, "test_roc_auc": 0.7940934065934065, "test_runtime": 0.5452, "test_samples_per_second": 528.237, "test_steps_per_second": 9.171}, "tizard_2019": {"test_loss": 0.5663109421730042, "test_accuracy": 0.8140495867768595, "test_f1": 0.1818181818181818, "test_precision": 0.2, "test_recall": 0.16666666666666666, "test_roc_auc": 0.6502795248078266, "test_runtime": 0.8514, "test_samples_per_second": 852.678, "test_steps_per_second": 14.094}, "williams_2017": {"test_loss": 0.7303839921951294, "test_accuracy": 0.7327365728900256, "test_f1": 0.4079320113314448, "test_precision": 0.5669291338582677, "test_recall": 0.3185840707964602, "test_roc_auc": 0.7225520468580887, "test_runtime": 0.5581, "test_samples_per_second": 1401.256, "test_steps_per_second": 23.295}}