{"guzman_2015": {"test_loss": 0.5421181321144104, "test_accuracy": 0.6248574686431014, "test_f1": 0.4029038112522686, "test_precision": 0.29838709677419356, "test_recall": 0.6201117318435754, "test_roc_auc": 0.6920731219285747, "test_runtime": 2.0526, "test_samples_per_second": 427.256, "test_steps_per_second": 6.821}, "scalabrino_2017_RQ1": {"test_loss": 0.49353793263435364, "test_accuracy": 0.7157190635451505, "test_f1": 0.47204968944099385, "test_precision": 0.41081081081081083, "test_recall": 0.5547445255474452, "test_roc_auc": 0.7463622401317351, "test_runtime": 1.4134, "test_samples_per_second": 423.097, "test_steps_per_second": 7.075}, "scalabrino_2017_RQ3": {"test_loss": 0.6644644141197205, "test_accuracy": 0.6408450704225352, "test_f1": 0.718232044198895, "test_precision": 0.7831325301204819, "test_recall": 0.6632653061224489, "test_roc_auc": 0.6982838589981447, "test_runtime": 0.2793, "test_samples_per_second": 508.36, "test_steps_per_second": 10.74}, "maalej_2016": {"test_loss": 0.4306160509586334, "test_accuracy": 0.7465277777777778, "test_f1": 0.33027522935779813, "test_precision": 0.21176470588235294, "test_recall": 0.75, "test_roc_auc": 0.8003472222222222, "test_runtime": 0.6736, "test_samples_per_second": 427.558, "test_steps_per_second": 7.423}, "tizard_2019": {"test_loss": 0.451847642660141, "test_accuracy": 0.7727272727272727, "test_f1": 0.16243654822335024, "test_precision": 0.13793103448275862, "test_recall": 0.19753086419753085, "test_roc_auc": 0.6190257440903435, "test_runtime": 1.2388, "test_samples_per_second": 586.04, "test_steps_per_second": 9.687}, "williams_2017": {"test_loss": 0.6054178476333618, "test_accuracy": 0.6317135549872123, "test_f1": 0.4049586776859504, "test_precision": 0.3769230769230769, "test_recall": 0.4375, "test_roc_auc": 0.6611863159242193, "test_runtime": 0.5135, "test_samples_per_second": 1522.939, "test_steps_per_second": 25.317}}