{"ciurumelea_2017": {"test_loss": 0.7880216240882874, "test_accuracy": 0.26517571884984026, "test_f1": 0.41919191919191917, "test_precision": 0.26517571884984026, "test_recall": 1.0, "test_roc_auc": 0.6367731796752226, "test_runtime": 0.6607, "test_samples_per_second": 473.725, "test_steps_per_second": 7.567}, "guzman_2015": {"test_loss": 0.8086262345314026, "test_accuracy": 0.22462941847206386, "test_f1": 0.36685288640595903, "test_precision": 0.22462941847206386, "test_recall": 1.0, "test_roc_auc": 0.5920274708868318, "test_runtime": 2.0511, "test_samples_per_second": 427.579, "test_steps_per_second": 6.826}, "scalabrino_2017_RQ1": {"test_loss": 0.7955540418624878, "test_accuracy": 0.2608695652173913, "test_f1": 0.41379310344827586, "test_precision": 0.2608695652173913, "test_recall": 1.0, "test_roc_auc": 0.560404339250493, "test_runtime": 1.4265, "test_samples_per_second": 419.2, "test_steps_per_second": 7.01}, "maalej_2016": {"test_loss": 0.8497488498687744, "test_accuracy": 0.1076388888888889, "test_f1": 0.1892744479495268, "test_precision": 0.10452961672473868, "test_recall": 1.0, "test_roc_auc": 0.5813953488372093, "test_runtime": 0.5022, "test_samples_per_second": 573.519, "test_steps_per_second": 9.957}, "tizard_2019": {"test_loss": 0.853908896446228, "test_accuracy": 0.12396694214876033, "test_f1": 0.22058823529411764, "test_precision": 0.12396694214876033, "test_recall": 1.0, "test_roc_auc": 0.6218378756114605, "test_runtime": 0.8199, "test_samples_per_second": 885.467, "test_steps_per_second": 14.636}, "williams_2017": {"test_loss": 0.8051455616950989, "test_accuracy": 0.26854219948849106, "test_f1": 0.42338709677419356, "test_precision": 0.26854219948849106, "test_recall": 1.0, "test_roc_auc": 0.5150682650682651, "test_runtime": 0.5499, "test_samples_per_second": 1421.975, "test_steps_per_second": 23.639}}