{"ciurumelea_2017": {"test_loss": 0.6685497760772705, "test_accuracy": 0.9009584664536742, "test_f1": 0.8597285067873304, "test_precision": 0.8189655172413793, "test_recall": 0.9047619047619048, "test_roc_auc": 0.9067765567765567, "test_runtime": 0.4366, "test_samples_per_second": 716.941, "test_steps_per_second": 11.453}}