{"guzman_2015": {"test_loss": 0.380081444978714, "test_accuracy": 0.8734321550741163, "test_f1": 0.08264462809917356, "test_precision": 0.11627906976744186, "test_recall": 0.0641025641025641, "test_roc_auc": 0.664773274285164, "test_runtime": 2.0412, "test_samples_per_second": 429.659, "test_steps_per_second": 6.859}, "scalabrino_2017_RQ1": {"test_loss": 0.43810033798217773, "test_accuracy": 0.8260869565217391, "test_f1": 0.16129032258064516, "test_precision": 0.19607843137254902, "test_recall": 0.136986301369863, "test_roc_auc": 0.7431441617742988, "test_runtime": 1.4064, "test_samples_per_second": 425.21, "test_steps_per_second": 7.111}, "scalabrino_2017_RQ3": {"test_loss": 0.6926747560501099, "test_accuracy": 0.7464788732394366, "test_f1": 0.052631578947368425, "test_precision": 0.06666666666666667, "test_recall": 0.043478260869565216, "test_roc_auc": 0.49543295579101204, "test_runtime": 0.284, "test_samples_per_second": 499.939, "test_steps_per_second": 10.562}, "tizard_2019": {"test_loss": 0.2939249873161316, "test_accuracy": 0.8980716253443526, "test_f1": 0.026315789473684213, "test_precision": 0.018867924528301886, "test_recall": 0.043478260869565216, "test_roc_auc": 0.4733749768074711, "test_runtime": 0.8076, "test_samples_per_second": 898.959, "test_steps_per_second": 14.859}, "williams_2017": {"test_loss": 0.741507351398468, "test_accuracy": 0.7365728900255755, "test_f1": 0.16935483870967744, "test_precision": 0.2625, "test_recall": 0.125, "test_roc_auc": 0.5314196525515743, "test_runtime": 0.5454, "test_samples_per_second": 1433.768, "test_steps_per_second": 23.835}}