{"ciurumelea_2017": {"test_loss": 0.5111485123634338, "test_accuracy": 0.7542372881355932, "test_f1": 0.7289719626168225, "test_precision": 0.8478260869565217, "test_recall": 0.639344262295082, "test_roc_auc": 0.8967500719010641, "test_runtime": 0.169, "test_samples_per_second": 698.178, "test_steps_per_second": 11.834}, "guzman_2015": {"test_loss": 0.3655722439289093, "test_accuracy": 0.8100866824271079, "test_f1": 0.6841415465268675, "test_precision": 0.577433628318584, "test_recall": 0.8392282958199357, "test_roc_auc": 0.9248568494116226, "test_runtime": 3.0169, "test_samples_per_second": 420.629, "test_steps_per_second": 6.629}, "scalabrino_2017_RQ1": {"test_loss": 0.2839045524597168, "test_accuracy": 0.8793706293706294, "test_f1": 0.8067226890756304, "test_precision": 0.6889952153110048, "test_recall": 0.972972972972973, "test_roc_auc": 0.9691962009178989, "test_runtime": 1.3931, "test_samples_per_second": 410.599, "test_steps_per_second": 6.46}, "scalabrino_2017_RQ3": {"test_loss": 0.6951442956924438, "test_accuracy": 0.7491408934707904, "test_f1": 0.8395604395604396, "test_precision": 0.9362745098039216, "test_recall": 0.7609561752988048, "test_roc_auc": 0.8360557768924303, "test_runtime": 0.5277, "test_samples_per_second": 551.45, "test_steps_per_second": 9.475}, "maalej_2016": {"test_loss": 0.4290527105331421, "test_accuracy": 0.8156996587030717, "test_f1": 0.43749999999999994, "test_precision": 0.3333333333333333, "test_recall": 0.6363636363636364, "test_roc_auc": 0.8434731934731935, "test_runtime": 0.7178, "test_samples_per_second": 408.178, "test_steps_per_second": 6.965}, "tizard_2019": {"test_loss": 0.5003370046615601, "test_accuracy": 0.7748138957816377, "test_f1": 0.26961770623742454, "test_precision": 0.18873239436619718, "test_recall": 0.47183098591549294, "test_roc_auc": 0.7282983615981604, "test_runtime": 3.0359, "test_samples_per_second": 530.988, "test_steps_per_second": 8.564}, "williams_2017": {"test_loss": 0.42344769835472107, "test_accuracy": 0.8377358490566038, "test_f1": 0.6172106824925816, "test_precision": 0.8253968253968254, "test_recall": 0.4928909952606635, "test_roc_auc": 0.8870187625787185, "test_runtime": 0.6717, "test_samples_per_second": 1183.598, "test_steps_per_second": 19.354}}