{"guzman_2015": {"test_loss": 0.30955031514167786, "test_accuracy": 0.855188141391106, "test_f1": 0.4147465437788018, "test_precision": 0.30612244897959184, "test_recall": 0.6428571428571429, "test_roc_auc": 0.8830766507346433, "test_runtime": 2.104, "test_samples_per_second": 416.825, "test_steps_per_second": 6.654}, "scalabrino_2017_RQ1": {"test_loss": 0.21567226946353912, "test_accuracy": 0.903010033444816, "test_f1": 0.6463414634146342, "test_precision": 0.5196078431372549, "test_recall": 0.8548387096774194, "test_roc_auc": 0.9521846413095811, "test_runtime": 1.4458, "test_samples_per_second": 413.605, "test_steps_per_second": 6.916}, "scalabrino_2017_RQ3": {"test_loss": 0.6374610662460327, "test_accuracy": 0.795774647887324, "test_f1": 0.5671641791044777, "test_precision": 0.6129032258064516, "test_recall": 0.5277777777777778, "test_roc_auc": 0.7678197064989517, "test_runtime": 0.2797, "test_samples_per_second": 507.693, "test_steps_per_second": 10.726}, "maalej_2016": {"test_loss": 0.6020464301109314, "test_accuracy": 0.8229166666666666, "test_f1": 0.16393442622950818, "test_precision": 0.19230769230769232, "test_recall": 0.14285714285714285, "test_roc_auc": 0.6813099943534726, "test_runtime": 0.6852, "test_samples_per_second": 420.304, "test_steps_per_second": 7.297}, "tizard_2019": {"test_loss": 0.19575007259845734, "test_accuracy": 0.931129476584022, "test_f1": 0.2857142857142857, "test_precision": 0.23255813953488372, "test_recall": 0.37037037037037035, "test_roc_auc": 0.7487415885126901, "test_runtime": 0.8426, "test_samples_per_second": 861.584, "test_steps_per_second": 14.241}, "williams_2017": {"test_loss": 0.567575991153717, "test_accuracy": 0.7851662404092071, "test_f1": 0.58, "test_precision": 0.58, "test_recall": 0.58, "test_roc_auc": 0.8165721649484535, "test_runtime": 0.5846, "test_samples_per_second": 1337.577, "test_steps_per_second": 22.236}}