{"guzman_2015": {"test_loss": 0.3057708442211151, "test_accuracy": 0.8814139110604333, "test_f1": 0.3580246913580247, "test_precision": 0.31521739130434784, "test_recall": 0.4142857142857143, "test_roc_auc": 0.7950433705080544, "test_runtime": 2.0408, "test_samples_per_second": 429.73, "test_steps_per_second": 6.86}, "scalabrino_2017_RQ1": {"test_loss": 0.2882445454597473, "test_accuracy": 0.862876254180602, "test_f1": 0.36923076923076925, "test_precision": 0.35294117647058826, "test_recall": 0.3870967741935484, "test_roc_auc": 0.8427118440057775, "test_runtime": 1.4049, "test_samples_per_second": 425.655, "test_steps_per_second": 7.118}, "scalabrino_2017_RQ3": {"test_loss": 0.6154111623764038, "test_accuracy": 0.7535211267605634, "test_f1": 0.33962264150943394, "test_precision": 0.5294117647058824, "test_recall": 0.25, "test_roc_auc": 0.6661425576519917, "test_runtime": 0.2585, "test_samples_per_second": 549.321, "test_steps_per_second": 11.605}, "maalej_2016": {"test_loss": 0.34749144315719604, "test_accuracy": 0.8634969325153374, "test_f1": 0.13592233009708737, "test_precision": 0.1206896551724138, "test_recall": 0.15555555555555556, "test_roc_auc": 0.6676551345414606, "test_runtime": 1.1551, "test_samples_per_second": 564.433, "test_steps_per_second": 9.523}, "tizard_2019": {"test_loss": 0.44392281770706177, "test_accuracy": 0.8016528925619835, "test_f1": 0.1724137931034483, "test_precision": 0.10204081632653061, "test_recall": 0.5555555555555556, "test_roc_auc": 0.6822974619827267, "test_runtime": 0.807, "test_samples_per_second": 899.677, "test_steps_per_second": 14.871}}