{"guzman_2015": {"test_loss": 0.5368577241897583, "test_accuracy": 0.9019384264538198, "test_f1": 0.0, "test_precision": 0.0, "test_recall": 0.0, "test_roc_auc": 0.6601446505747802, "test_runtime": 2.0421, "test_samples_per_second": 429.466, "test_steps_per_second": 6.856}, "scalabrino_2017_RQ1": {"test_loss": 0.5426951050758362, "test_accuracy": 0.8862876254180602, "test_f1": 0.0, "test_precision": 0.0, "test_recall": 0.0, "test_roc_auc": 0.5898446170921199, "test_runtime": 1.4081, "test_samples_per_second": 424.682, "test_steps_per_second": 7.102}, "maalej_2016": {"test_loss": 0.5248268246650696, "test_accuracy": 0.9187116564417178, "test_f1": 0.0, "test_precision": 0.0, "test_recall": 0.0, "test_roc_auc": 0.670488550099222, "test_runtime": 1.5344, "test_samples_per_second": 424.918, "test_steps_per_second": 7.169}, "tizard_2019": {"test_loss": 0.5151323676109314, "test_accuracy": 0.9641873278236914, "test_f1": 0.0, "test_precision": 0.0, "test_recall": 0.0, "test_roc_auc": 0.528543956043956, "test_runtime": 0.8528, "test_samples_per_second": 851.294, "test_steps_per_second": 14.071}, "williams_2017": {"test_loss": 0.6049697995185852, "test_accuracy": 0.7557544757033248, "test_f1": 0.0, "test_precision": 0.0, "test_recall": 0.0, "test_roc_auc": 0.5584022111781434, "test_runtime": 0.5635, "test_samples_per_second": 1387.657, "test_steps_per_second": 23.068}}