{"williams_2017": {"test_loss": 0.6471138596534729, "test_accuracy": 0.7979539641943734, "test_f1": 0.25471698113207547, "test_precision": 0.7714285714285715, "test_recall": 0.15254237288135594, "test_roc_auc": 0.7521781762151561, "test_runtime": 0.5343, "test_samples_per_second": 1463.512, "test_steps_per_second": 24.329}}