{"williams_2017": {"test_loss": 1.0712000131607056, "test_accuracy": 0.7634271099744245, "test_f1": 0.5542168674698795, "test_precision": 0.46558704453441296, "test_recall": 0.6845238095238095, "test_roc_auc": 0.8113075849232202, "test_runtime": 0.5961, "test_samples_per_second": 1311.754, "test_steps_per_second": 21.807}}