{"scalabrino_2017_RQ1": {"test_loss": 0.2332393229007721, "test_accuracy": 0.9214046822742475, "test_f1": 0.6928104575163399, "test_precision": 0.6625, "test_recall": 0.726027397260274, "test_roc_auc": 0.9415786040443574, "test_runtime": 1.4454, "test_samples_per_second": 413.714, "test_steps_per_second": 6.918}}