{"scalabrino_2017_RQ1": {"test_loss": 0.2871512770652771, "test_accuracy": 0.8729096989966555, "test_f1": 0.45714285714285713, "test_precision": 0.4444444444444444, "test_recall": 0.47058823529411764, "test_roc_auc": 0.8623751387347393, "test_runtime": 1.3967, "test_samples_per_second": 428.145, "test_steps_per_second": 7.16}, "scalabrino_2017_RQ3": {"test_loss": 0.8781504034996033, "test_accuracy": 0.7887323943661971, "test_f1": 0.44444444444444436, "test_precision": 0.75, "test_recall": 0.3157894736842105, "test_roc_auc": 0.5893218623481782, "test_runtime": 0.2122, "test_samples_per_second": 669.025, "test_steps_per_second": 14.134}, "maalej_2016": {"test_loss": 0.41310110688209534, "test_accuracy": 0.8576388888888888, "test_f1": 0.196078431372549, "test_precision": 0.3125, "test_recall": 0.14285714285714285, "test_roc_auc": 0.7558441558441559, "test_runtime": 0.549, "test_samples_per_second": 524.606, "test_steps_per_second": 9.108}, "tizard_2019": {"test_loss": 0.294327974319458, "test_accuracy": 0.871900826446281, "test_f1": 0.21848739495798317, "test_precision": 0.13978494623655913, "test_recall": 0.5, "test_roc_auc": 0.7303296703296702, "test_runtime": 0.8551, "test_samples_per_second": 849.034, "test_steps_per_second": 14.034}, "williams_2017": {"test_loss": 0.658893883228302, "test_accuracy": 0.7621483375959079, "test_f1": 0.211864406779661, "test_precision": 0.5555555555555556, "test_recall": 0.13089005235602094, "test_roc_auc": 0.725099883948583, "test_runtime": 0.5568, "test_samples_per_second": 1404.422, "test_steps_per_second": 23.347}}