{"maalej_2016": {"test_loss": 1.0993760824203491, "test_accuracy": 0.8090277777777778, "test_f1": 0.22535211267605634, "test_precision": 0.1702127659574468, "test_recall": 0.3333333333333333, "test_roc_auc": 0.7695707070707071, "test_runtime": 0.6903, "test_samples_per_second": 417.215, "test_steps_per_second": 7.243}}