{"scalabrino_2017_RQ1": {"test_loss": 0.16502206027507782, "test_accuracy": 0.9258555133079848, "test_f1": 0.6666666666666666, "test_precision": 0.6290322580645161, "test_recall": 0.7090909090909091, "test_roc_auc": 0.9525574213472303, "test_runtime": 1.2602, "test_samples_per_second": 417.405, "test_steps_per_second": 7.142}}