{"guzman_2015": {"test_loss": 0.5148665308952332, "test_accuracy": 0.8996579247434435, "test_f1": 0.04347826086956522, "test_precision": 0.5, "test_recall": 0.022727272727272728, "test_roc_auc": 0.7344740177439798, "test_runtime": 2.044, "test_samples_per_second": 429.062, "test_steps_per_second": 6.849}, "scalabrino_2017_RQ1": {"test_loss": 0.5065904855728149, "test_accuracy": 0.8929765886287625, "test_f1": 0.0588235294117647, "test_precision": 0.3333333333333333, "test_recall": 0.03225806451612903, "test_roc_auc": 0.7647749157438615, "test_runtime": 0.92, "test_samples_per_second": 649.982, "test_steps_per_second": 10.869}, "scalabrino_2017_RQ3": {"test_loss": 1.3641834259033203, "test_accuracy": 0.7605633802816901, "test_f1": 0.0, "test_precision": 0.0, "test_recall": 0.0, "test_roc_auc": 0.5830610021786492, "test_runtime": 0.256, "test_samples_per_second": 554.717, "test_steps_per_second": 11.719}, "maalej_2016": {"test_loss": 0.4736731946468353, "test_accuracy": 0.9141104294478528, "test_f1": 0.0, "test_precision": 0.0, "test_recall": 0.0, "test_roc_auc": 0.6806761078117862, "test_runtime": 1.5353, "test_samples_per_second": 424.677, "test_steps_per_second": 7.165}, "williams_2017": {"test_loss": 1.2136155366897583, "test_accuracy": 0.7749360613810742, "test_f1": 0.022222222222222223, "test_precision": 0.6666666666666666, "test_recall": 0.011299435028248588, "test_roc_auc": 0.7158332166036326, "test_runtime": 0.5525, "test_samples_per_second": 1415.418, "test_steps_per_second": 23.53}}