{"williams_2017": {"test_loss": 0.6338725686073303, "test_accuracy": 0.8473091364205256, "test_f1": 0.7175925925925927, "test_precision": 0.7416267942583732, "test_recall": 0.695067264573991, "test_roc_auc": 0.8957165545590433, "test_runtime": 0.6346, "test_samples_per_second": 1259.085, "test_steps_per_second": 20.486}}