{"guzman_2015": {"test_loss": 0.5675724148750305, "test_accuracy": 0.7263397947548461, "test_f1": 0.33333333333333337, "test_precision": 0.21897810218978103, "test_recall": 0.6976744186046512, "test_roc_auc": 0.800899656013877, "test_runtime": 2.0456, "test_samples_per_second": 428.728, "test_steps_per_second": 6.844}, "scalabrino_2017_RQ1": {"test_loss": 0.47130152583122253, "test_accuracy": 0.7775919732441472, "test_f1": 0.3926940639269406, "test_precision": 0.2847682119205298, "test_recall": 0.6323529411764706, "test_roc_auc": 0.8145394006659268, "test_runtime": 1.409, "test_samples_per_second": 424.402, "test_steps_per_second": 7.097}, "scalabrino_2017_RQ3": {"test_loss": 0.9912193417549133, "test_accuracy": 0.6056338028169014, "test_f1": 0.4042553191489362, "test_precision": 0.3392857142857143, "test_recall": 0.5, "test_roc_auc": 0.5668016194331984, "test_runtime": 0.208, "test_samples_per_second": 682.76, "test_steps_per_second": 14.425}, "maalej_2016": {"test_loss": 0.6188739538192749, "test_accuracy": 0.7208588957055214, "test_f1": 0.24793388429752067, "test_precision": 0.15873015873015872, "test_recall": 0.5660377358490566, "test_roc_auc": 0.7091063722556462, "test_runtime": 1.5338, "test_samples_per_second": 425.079, "test_steps_per_second": 7.172}, "tizard_2019": {"test_loss": 0.6756852269172668, "test_accuracy": 0.7066115702479339, "test_f1": 0.15810276679841898, "test_precision": 0.0881057268722467, "test_recall": 0.7692307692307693, "test_roc_auc": 0.751868131868132, "test_runtime": 0.8469, "test_samples_per_second": 857.238, "test_steps_per_second": 14.169}}