{"tizard_2019": {"test_loss": 0.552299439907074, "test_accuracy": 0.8798076923076923, "test_f1": 0.13793103448275862, "test_precision": 0.0851063829787234, "test_recall": 0.36363636363636365, "test_roc_auc": 0.8035914702581369, "test_runtime": 0.3602, "test_samples_per_second": 1155.055, "test_steps_per_second": 19.436}}