{"maalej_2016": {"test_loss": 0.34954071044921875, "test_accuracy": 0.8645833333333334, "test_f1": 0.3389830508474576, "test_precision": 0.2857142857142857, "test_recall": 0.4166666666666667, "test_roc_auc": 0.8300189393939394, "test_runtime": 0.6943, "test_samples_per_second": 414.827, "test_steps_per_second": 7.202}}