{"guzman_2015": {"test_loss": 0.5148650407791138, "test_accuracy": 0.6602052451539339, "test_f1": 0.37130801687763715, "test_precision": 0.3176895306859206, "test_recall": 0.4467005076142132, "test_roc_auc": 0.6943789190803226, "test_runtime": 2.0536, "test_samples_per_second": 427.055, "test_steps_per_second": 6.817}, "scalabrino_2017_RQ1": {"test_loss": 0.51846843957901, "test_accuracy": 0.6923076923076923, "test_f1": 0.41025641025641024, "test_precision": 0.4383561643835616, "test_recall": 0.3855421686746988, "test_roc_auc": 0.7326946675591255, "test_runtime": 1.415, "test_samples_per_second": 422.6, "test_steps_per_second": 7.067}, "scalabrino_2017_RQ3": {"test_loss": 0.8035460710525513, "test_accuracy": 0.5070422535211268, "test_f1": 0.5333333333333333, "test_precision": 0.7272727272727273, "test_recall": 0.42105263157894735, "test_roc_auc": 0.6015677491601342, "test_runtime": 0.2601, "test_samples_per_second": 546.005, "test_steps_per_second": 11.535}, "maalej_2016": {"test_loss": 0.38273608684539795, "test_accuracy": 0.8055555555555556, "test_f1": 0.33333333333333337, "test_precision": 0.2545454545454545, "test_recall": 0.4827586206896552, "test_roc_auc": 0.7777925708960192, "test_runtime": 0.6751, "test_samples_per_second": 426.583, "test_steps_per_second": 7.406}, "tizard_2019": {"test_loss": 0.38806676864624023, "test_accuracy": 0.8429752066115702, "test_f1": 0.12307692307692307, "test_precision": 0.16666666666666666, "test_recall": 0.0975609756097561, "test_roc_auc": 0.6744053931222542, "test_runtime": 0.8054, "test_samples_per_second": 901.443, "test_steps_per_second": 14.9}, "williams_2017": {"test_loss": 0.5539355874061584, "test_accuracy": 0.7340153452685422, "test_f1": 0.22962962962962963, "test_precision": 0.5849056603773585, "test_recall": 0.14285714285714285, "test_roc_auc": 0.6903225806451613, "test_runtime": 0.5513, "test_samples_per_second": 1418.361, "test_steps_per_second": 23.579}}