{"ciurumelea_2017": {"test_loss": 0.8301796913146973, "test_accuracy": 0.744408945686901, "test_f1": 0.19999999999999996, "test_precision": 0.5882352941176471, "test_recall": 0.12048192771084337, "test_roc_auc": 0.8132530120481928, "test_runtime": 0.6663, "test_samples_per_second": 469.784, "test_steps_per_second": 7.505}, "guzman_2015": {"test_loss": 0.6014346480369568, "test_accuracy": 0.8072976054732041, "test_f1": 0.3574144486692015, "test_precision": 0.7121212121212122, "test_recall": 0.23857868020304568, "test_roc_auc": 0.8132800836070468, "test_runtime": 2.0482, "test_samples_per_second": 428.189, "test_steps_per_second": 6.835}, "scalabrino_2017_RQ3": {"test_loss": 1.896360993385315, "test_accuracy": 0.4154929577464789, "test_f1": 0.4028776978417266, "test_precision": 0.9032258064516129, "test_recall": 0.25925925925925924, "test_roc_auc": 0.6718409586056644, "test_runtime": 0.2791, "test_samples_per_second": 508.843, "test_steps_per_second": 10.75}, "maalej_2016": {"test_loss": 0.4125434160232544, "test_accuracy": 0.8784722222222222, "test_f1": 0.2857142857142857, "test_precision": 0.3684210526315789, "test_recall": 0.23333333333333334, "test_roc_auc": 0.763953488372093, "test_runtime": 0.4933, "test_samples_per_second": 583.848, "test_steps_per_second": 10.136}, "tizard_2019": {"test_loss": 0.5454243421554565, "test_accuracy": 0.8581267217630854, "test_f1": 0.11965811965811966, "test_precision": 0.25925925925925924, "test_recall": 0.07777777777777778, "test_roc_auc": 0.6784940600978336, "test_runtime": 0.8116, "test_samples_per_second": 894.491, "test_steps_per_second": 14.785}, "williams_2017": {"test_loss": 0.7337232828140259, "test_accuracy": 0.7647058823529411, "test_f1": 0.3185185185185185, "test_precision": 0.7166666666666667, "test_recall": 0.20476190476190476, "test_roc_auc": 0.7404678654678656, "test_runtime": 0.5649, "test_samples_per_second": 1384.288, "test_steps_per_second": 23.012}}