{"guzman_2015": {"test_loss": 0.26031845808029175, "test_accuracy": 0.9001584786053882, "test_f1": 0.4424778761061947, "test_precision": 0.5102040816326531, "test_recall": 0.390625, "test_roc_auc": 0.845486111111111, "test_runtime": 2.972, "test_samples_per_second": 424.625, "test_steps_per_second": 6.729}, "scalabrino_2017_RQ1": {"test_loss": 0.19162186980247498, "test_accuracy": 0.9188712522045855, "test_f1": 0.7051282051282052, "test_precision": 0.7432432432432432, "test_recall": 0.6707317073170732, "test_roc_auc": 0.9426703545385969, "test_runtime": 1.3829, "test_samples_per_second": 410.02, "test_steps_per_second": 6.508}, "scalabrino_2017_RQ3": {"test_loss": 0.8709092140197754, "test_accuracy": 0.7368421052631579, "test_f1": 0.3333333333333333, "test_precision": 0.625, "test_recall": 0.22727272727272727, "test_roc_auc": 0.5995370370370371, "test_runtime": 0.2413, "test_samples_per_second": 629.933, "test_steps_per_second": 12.433}, "maalej_2016": {"test_loss": 0.40050455927848816, "test_accuracy": 0.8726591760299626, "test_f1": 0.26086956521739124, "test_precision": 0.5454545454545454, "test_recall": 0.17142857142857143, "test_roc_auc": 0.749384236453202, "test_runtime": 0.6531, "test_samples_per_second": 408.84, "test_steps_per_second": 7.656}, "tizard_2019": {"test_loss": 0.7204431295394897, "test_accuracy": 0.78125, "test_f1": 0.2834645669291339, "test_precision": 0.6428571428571429, "test_recall": 0.18181818181818182, "test_roc_auc": 0.7171398527865405, "test_runtime": 0.3572, "test_samples_per_second": 1164.689, "test_steps_per_second": 19.598}, "williams_2017": {"test_loss": 0.33101245760917664, "test_accuracy": 0.8623279098873592, "test_f1": 0.5, "test_precision": 0.632183908045977, "test_recall": 0.41353383458646614, "test_roc_auc": 0.845063108221003, "test_runtime": 0.6288, "test_samples_per_second": 1270.729, "test_steps_per_second": 20.675}}