{"ciurumelea_2017": {"test_loss": 0.7673801779747009, "test_accuracy": 0.3354632587859425, "test_f1": 0.5023923444976077, "test_precision": 0.3354632587859425, "test_recall": 1.0, "test_roc_auc": 0.5849358974358975, "test_runtime": 0.3987, "test_samples_per_second": 785.021, "test_steps_per_second": 12.54}, "guzman_2015": {"test_loss": 0.8122748136520386, "test_accuracy": 0.22805017103762829, "test_f1": 0.3714020427112349, "test_precision": 0.22805017103762829, "test_recall": 1.0, "test_roc_auc": 0.6139143279172822, "test_runtime": 2.0474, "test_samples_per_second": 428.357, "test_steps_per_second": 6.838}, "scalabrino_2017_RQ1": {"test_loss": 0.8017812967300415, "test_accuracy": 0.25418060200668896, "test_f1": 0.4053333333333333, "test_precision": 0.25418060200668896, "test_recall": 1.0, "test_roc_auc": 0.6214892612697664, "test_runtime": 0.9283, "test_samples_per_second": 644.167, "test_steps_per_second": 10.772}, "maalej_2016": {"test_loss": 0.8487169742584229, "test_accuracy": 0.125, "test_f1": 0.2222222222222222, "test_precision": 0.125, "test_recall": 1.0, "test_roc_auc": 0.6345348324514992, "test_runtime": 0.6864, "test_samples_per_second": 419.576, "test_steps_per_second": 7.284}, "tizard_2019": {"test_loss": 0.8746289014816284, "test_accuracy": 0.09228650137741047, "test_f1": 0.16897856242118536, "test_precision": 0.09228650137741047, "test_recall": 1.0, "test_roc_auc": 0.6643716168776754, "test_runtime": 1.2532, "test_samples_per_second": 579.299, "test_steps_per_second": 9.575}, "williams_2017": {"test_loss": 0.8031374216079712, "test_accuracy": 0.2851662404092072, "test_f1": 0.4437810945273632, "test_precision": 0.2851662404092072, "test_recall": 1.0, "test_roc_auc": 0.47682039516433095, "test_runtime": 0.5648, "test_samples_per_second": 1384.5, "test_steps_per_second": 23.016}}