{"maalej_2016": {"test_loss": 0.86528480052948, "test_accuracy": 0.875, "test_f1": 0.3333333333333333, "test_precision": 0.34615384615384615, "test_recall": 0.32142857142857145, "test_roc_auc": 0.7678571428571428, "test_runtime": 0.5756, "test_samples_per_second": 500.311, "test_steps_per_second": 8.686}}