{"williams_2017": {"test_loss": 0.939238965511322, "test_accuracy": 0.7953964194373402, "test_f1": 0.6734693877551021, "test_precision": 0.5892857142857143, "test_recall": 0.7857142857142857, "test_roc_auc": 0.8742091242091242, "test_runtime": 0.6395, "test_samples_per_second": 1222.814, "test_steps_per_second": 20.328}}