{"ciurumelea_2017": {"test_loss": 0.7717294692993164, "test_accuracy": 0.329073482428115, "test_f1": 0.4951923076923077, "test_precision": 0.329073482428115, "test_recall": 1.0, "test_roc_auc": 0.5540915395284327, "test_runtime": 0.6596, "test_samples_per_second": 474.505, "test_steps_per_second": 7.58}, "guzman_2015": {"test_loss": 0.8146847486495972, "test_accuracy": 0.22462941847206386, "test_f1": 0.36685288640595903, "test_precision": 0.22462941847206386, "test_recall": 1.0, "test_roc_auc": 0.630501642281278, "test_runtime": 2.0488, "test_samples_per_second": 428.063, "test_steps_per_second": 6.833}, "scalabrino_2017_RQ1": {"test_loss": 0.7959828972816467, "test_accuracy": 0.27759197324414714, "test_f1": 0.4345549738219895, "test_precision": 0.27759197324414714, "test_recall": 1.0, "test_roc_auc": 0.5370021753681392, "test_runtime": 1.4227, "test_samples_per_second": 420.32, "test_steps_per_second": 7.029}, "maalej_2016": {"test_loss": 0.8632962703704834, "test_accuracy": 0.10069444444444445, "test_f1": 0.1829652996845426, "test_precision": 0.10069444444444445, "test_recall": 1.0, "test_roc_auc": 0.5587804553321795, "test_runtime": 0.6912, "test_samples_per_second": 416.687, "test_steps_per_second": 7.234}, "tizard_2019": {"test_loss": 0.8665741086006165, "test_accuracy": 0.11294765840220386, "test_f1": 0.20297029702970298, "test_precision": 0.11294765840220386, "test_recall": 1.0, "test_roc_auc": 0.6454135737009544, "test_runtime": 0.8111, "test_samples_per_second": 895.082, "test_steps_per_second": 14.795}, "williams_2017": {"test_loss": 0.8089004158973694, "test_accuracy": 0.2774936061381074, "test_f1": 0.4344344344344344, "test_precision": 0.2774936061381074, "test_recall": 1.0, "test_roc_auc": 0.4910403327759879, "test_runtime": 0.5472, "test_samples_per_second": 1429.158, "test_steps_per_second": 23.758}}