{"guzman_2015": {"test_loss": 0.3251185417175293, "test_accuracy": 0.8973774230330672, "test_f1": 0.22413793103448273, "test_precision": 0.34210526315789475, "test_recall": 0.16666666666666666, "test_roc_auc": 0.7764834247938128, "test_runtime": 2.0458, "test_samples_per_second": 428.681, "test_steps_per_second": 6.843}, "scalabrino_2017_RQ3": {"test_loss": 0.7032032012939453, "test_accuracy": 0.8380281690140845, "test_f1": 0.14814814814814817, "test_precision": 0.5, "test_recall": 0.08695652173913043, "test_roc_auc": 0.6035805626598465, "test_runtime": 0.2882, "test_samples_per_second": 492.749, "test_steps_per_second": 10.41}, "maalej_2016": {"test_loss": 0.7489229440689087, "test_accuracy": 0.84375, "test_f1": 0.0, "test_precision": 0.0, "test_recall": 0.0, "test_roc_auc": 0.638407258064516, "test_runtime": 0.4956, "test_samples_per_second": 581.166, "test_steps_per_second": 10.09}, "tizard_2019": {"test_loss": 0.20169778168201447, "test_accuracy": 0.9490358126721763, "test_f1": 0.13953488372093023, "test_precision": 0.15, "test_recall": 0.13043478260869565, "test_roc_auc": 0.5872348320860906, "test_runtime": 0.8177, "test_samples_per_second": 887.815, "test_steps_per_second": 14.675}, "williams_2017": {"test_loss": 0.8915947079658508, "test_accuracy": 0.768542199488491, "test_f1": 0.08121827411167512, "test_precision": 0.27586206896551724, "test_recall": 0.047619047619047616, "test_roc_auc": 0.5729409027454629, "test_runtime": 0.5489, "test_samples_per_second": 1424.667, "test_steps_per_second": 23.684}}