{"ciurumelea_2017": {"test_loss": 1.1653205156326294, "test_accuracy": 0.6964856230031949, "test_f1": 0.0404040404040404, "test_precision": 0.6666666666666666, "test_recall": 0.020833333333333332, "test_roc_auc": 0.7539362519201228, "test_runtime": 0.6632, "test_samples_per_second": 471.922, "test_steps_per_second": 7.539}, "guzman_2015": {"test_loss": 0.9321076273918152, "test_accuracy": 0.7719498289623717, "test_f1": 0.056603773584905655, "test_precision": 0.6, "test_recall": 0.0297029702970297, "test_roc_auc": 0.7263659699303263, "test_runtime": 2.0491, "test_samples_per_second": 428.001, "test_steps_per_second": 6.832}, "scalabrino_2017_RQ1": {"test_loss": 0.8768150210380554, "test_accuracy": 0.7876254180602007, "test_f1": 0.11188811188811189, "test_precision": 0.8888888888888888, "test_recall": 0.05970149253731343, "test_roc_auc": 0.7344634585692229, "test_runtime": 1.4135, "test_samples_per_second": 423.078, "test_steps_per_second": 7.075}, "scalabrino_2017_RQ3": {"test_loss": 2.5037412643432617, "test_accuracy": 0.36619718309859156, "test_f1": 0.02173913043478261, "test_precision": 1.0, "test_recall": 0.01098901098901099, "test_roc_auc": 0.6494290023701789, "test_runtime": 0.2195, "test_samples_per_second": 647.012, "test_steps_per_second": 13.669}, "maalej_2016": {"test_loss": 0.4522775113582611, "test_accuracy": 0.8993055555555556, "test_f1": 0.0, "test_precision": 0.0, "test_recall": 0.0, "test_roc_auc": 0.6923076923076923, "test_runtime": 0.5458, "test_samples_per_second": 527.619, "test_steps_per_second": 9.16}, "williams_2017": {"test_loss": 1.0089246034622192, "test_accuracy": 0.7135549872122762, "test_f1": 0.034482758620689655, "test_precision": 0.6666666666666666, "test_recall": 0.017699115044247787, "test_roc_auc": 0.665109505316101, "test_runtime": 0.5532, "test_samples_per_second": 1413.568, "test_steps_per_second": 23.499}}