{"tizard_2019": {"test_loss": 0.5221895575523376, "test_accuracy": 0.8705234159779615, "test_f1": 0.4268292682926829, "test_precision": 0.4268292682926829, "test_recall": 0.4268292682926829, "test_roc_auc": 0.8292304196333887, "test_runtime": 0.8286, "test_samples_per_second": 876.22, "test_steps_per_second": 14.483}}