{"scalabrino_2017_RQ3": {"test_loss": 0.5350021719932556, "test_accuracy": 0.823943661971831, "test_f1": 0.8648648648648648, "test_precision": 0.9195402298850575, "test_recall": 0.8163265306122449, "test_roc_auc": 0.8801020408163266, "test_runtime": 0.267, "test_samples_per_second": 531.895, "test_steps_per_second": 11.237}}