{"ciurumelea_2017": {"test_loss": 1.0501371622085571, "test_accuracy": 0.7284345047923323, "test_f1": 0.2975206611570248, "test_precision": 1.0, "test_recall": 0.17475728155339806, "test_roc_auc": 0.7887193712436431, "test_runtime": 0.6603, "test_samples_per_second": 473.991, "test_steps_per_second": 7.572}, "guzman_2015": {"test_loss": 0.5369130969047546, "test_accuracy": 0.8255416191562144, "test_f1": 0.4950495049504951, "test_precision": 0.7075471698113207, "test_recall": 0.38071065989847713, "test_roc_auc": 0.8185204538668259, "test_runtime": 2.0575, "test_samples_per_second": 426.25, "test_steps_per_second": 6.804}, "scalabrino_2017_RQ3": {"test_loss": 1.3376047611236572, "test_accuracy": 0.6126760563380281, "test_f1": 0.6099290780141844, "test_precision": 0.9347826086956522, "test_recall": 0.45263157894736844, "test_roc_auc": 0.7791713325867861, "test_runtime": 0.2642, "test_samples_per_second": 537.493, "test_steps_per_second": 11.355}, "maalej_2016": {"test_loss": 0.4478614628314972, "test_accuracy": 0.8645833333333334, "test_f1": 0.23529411764705882, "test_precision": 0.2727272727272727, "test_recall": 0.20689655172413793, "test_roc_auc": 0.7535614432166157, "test_runtime": 0.6765, "test_samples_per_second": 425.729, "test_steps_per_second": 7.391}, "tizard_2019": {"test_loss": 0.5379266738891602, "test_accuracy": 0.849862258953168, "test_f1": 0.11382113821138214, "test_precision": 0.17073170731707318, "test_recall": 0.08536585365853659, "test_roc_auc": 0.6687433722163308, "test_runtime": 0.8037, "test_samples_per_second": 903.323, "test_steps_per_second": 14.931}, "williams_2017": {"test_loss": 0.7369939088821411, "test_accuracy": 0.7480818414322251, "test_f1": 0.3938461538461538, "test_precision": 0.5925925925925926, "test_recall": 0.29493087557603687, "test_roc_auc": 0.7309652950532197, "test_runtime": 0.5434, "test_samples_per_second": 1439.054, "test_steps_per_second": 23.923}}