{"guzman_2015": {"test_loss": 0.2918004095554352, "test_accuracy": 0.9030786773090079, "test_f1": 0.2735042735042735, "test_precision": 0.3404255319148936, "test_recall": 0.22857142857142856, "test_roc_auc": 0.7810231899451231, "test_runtime": 2.0621, "test_samples_per_second": 425.295, "test_steps_per_second": 6.789}, "scalabrino_2017_RQ3": {"test_loss": 1.0656863451004028, "test_accuracy": 0.7464788732394366, "test_f1": 0.14285714285714285, "test_precision": 0.5, "test_recall": 0.08333333333333333, "test_roc_auc": 0.5812368972746331, "test_runtime": 0.2714, "test_samples_per_second": 523.129, "test_steps_per_second": 11.052}, "maalej_2016": {"test_loss": 0.6567952632904053, "test_accuracy": 0.8680555555555556, "test_f1": 0.09523809523809522, "test_precision": 0.2857142857142857, "test_recall": 0.05714285714285714, "test_roc_auc": 0.6245059288537549, "test_runtime": 0.676, "test_samples_per_second": 426.012, "test_steps_per_second": 7.396}, "tizard_2019": {"test_loss": 0.20912247896194458, "test_accuracy": 0.9490358126721763, "test_f1": 0.13953488372093023, "test_precision": 0.1875, "test_recall": 0.1111111111111111, "test_roc_auc": 0.6084353308959889, "test_runtime": 0.8163, "test_samples_per_second": 889.372, "test_steps_per_second": 14.7}, "williams_2017": {"test_loss": 1.0464987754821777, "test_accuracy": 0.7442455242966752, "test_f1": 0.09090909090909091, "test_precision": 0.5, "test_recall": 0.05, "test_roc_auc": 0.5787199312714777, "test_runtime": 0.5452, "test_samples_per_second": 1434.22, "test_steps_per_second": 23.843}}