{"scalabrino_2017_RQ1": {"test_loss": 0.30109095573425293, "test_accuracy": 0.8812709030100334, "test_f1": 0.7656765676567656, "test_precision": 0.6863905325443787, "test_recall": 0.8656716417910447, "test_roc_auc": 0.9415530108080289, "test_runtime": 1.4104, "test_samples_per_second": 423.986, "test_steps_per_second": 7.09}}