{"ciurumelea_2017": {"test_loss": 0.2889162600040436, "test_accuracy": 0.8817891373801917, "test_f1": 0.7810650887573964, "test_precision": 0.7674418604651163, "test_recall": 0.7951807228915663, "test_roc_auc": 0.9318491356731272, "test_runtime": 0.6633, "test_samples_per_second": 471.857, "test_steps_per_second": 7.538}}