{"scalabrino_2017_RQ1": {"test_loss": 0.27077925205230713, "test_accuracy": 0.8712374581939799, "test_f1": 0.39370078740157477, "test_precision": 0.3333333333333333, "test_recall": 0.4807692307692308, "test_roc_auc": 0.8719357565511412, "test_runtime": 1.3985, "test_samples_per_second": 427.614, "test_steps_per_second": 7.151}}