{"ciurumelea_2017": {"test_loss": 0.7644861936569214, "test_accuracy": 0.30670926517571884, "test_f1": 0.46943765281173594, "test_precision": 0.30670926517571884, "test_recall": 1.0, "test_roc_auc": 0.6349846390168972, "test_runtime": 0.6621, "test_samples_per_second": 472.712, "test_steps_per_second": 7.551}, "guzman_2015": {"test_loss": 0.7972277998924255, "test_accuracy": 0.23033067274800456, "test_f1": 0.3744207599629286, "test_precision": 0.23033067274800456, "test_recall": 1.0, "test_roc_auc": 0.63011367803447, "test_runtime": 2.0446, "test_samples_per_second": 428.924, "test_steps_per_second": 6.847}, "scalabrino_2017_RQ1": {"test_loss": 0.8017959594726562, "test_accuracy": 0.22408026755852842, "test_f1": 0.36612021857923494, "test_precision": 0.22408026755852842, "test_recall": 1.0, "test_roc_auc": 0.5531394750386002, "test_runtime": 1.4166, "test_samples_per_second": 422.139, "test_steps_per_second": 7.059}, "maalej_2016": {"test_loss": 0.842510461807251, "test_accuracy": 0.10069444444444445, "test_f1": 0.17777777777777776, "test_precision": 0.0975609756097561, "test_recall": 1.0, "test_roc_auc": 0.6402472527472528, "test_runtime": 0.5547, "test_samples_per_second": 519.219, "test_steps_per_second": 9.014}, "tizard_2019": {"test_loss": 0.8438705801963806, "test_accuracy": 0.12396694214876033, "test_f1": 0.22058823529411764, "test_precision": 0.12396694214876033, "test_recall": 1.0, "test_roc_auc": 0.6523759608665268, "test_runtime": 0.8567, "test_samples_per_second": 847.399, "test_steps_per_second": 14.007}, "williams_2017": {"test_loss": 0.7895718812942505, "test_accuracy": 0.289002557544757, "test_f1": 0.4484126984126984, "test_precision": 0.289002557544757, "test_recall": 1.0, "test_roc_auc": 0.5101586872095244, "test_runtime": 0.5561, "test_samples_per_second": 1406.26, "test_steps_per_second": 23.378}}