{"scalabrino_2017_RQ1": {"test_loss": 0.20782622694969177, "test_accuracy": 0.9414715719063546, "test_f1": 0.8638132295719844, "test_precision": 0.925, "test_recall": 0.8102189781021898, "test_roc_auc": 0.9653561758791583, "test_runtime": 1.4267, "test_samples_per_second": 419.137, "test_steps_per_second": 7.009}}