{"scalabrino_2017_RQ1": {"test_loss": 0.28181514143943787, "test_accuracy": 0.8996655518394648, "test_f1": 0.4545454545454545, "test_precision": 0.6756756756756757, "test_recall": 0.3424657534246575, "test_roc_auc": 0.9070319634703197, "test_runtime": 1.4008, "test_samples_per_second": 426.893, "test_steps_per_second": 7.139}, "scalabrino_2017_RQ3": {"test_loss": 0.47993388772010803, "test_accuracy": 0.8873239436619719, "test_f1": 0.5294117647058824, "test_precision": 0.8181818181818182, "test_recall": 0.391304347826087, "test_roc_auc": 0.7296309828279137, "test_runtime": 0.278, "test_samples_per_second": 510.74, "test_steps_per_second": 10.79}, "maalej_2016": {"test_loss": 0.6921365261077881, "test_accuracy": 0.8506944444444444, "test_f1": 0.0851063829787234, "test_precision": 0.2857142857142857, "test_recall": 0.05, "test_roc_auc": 0.654032258064516, "test_runtime": 0.4945, "test_samples_per_second": 582.396, "test_steps_per_second": 10.111}, "tizard_2019": {"test_loss": 0.28317728638648987, "test_accuracy": 0.8966942148760331, "test_f1": 0.0963855421686747, "test_precision": 0.06666666666666667, "test_recall": 0.17391304347826086, "test_roc_auc": 0.6200754530273981, "test_runtime": 0.8135, "test_samples_per_second": 892.49, "test_steps_per_second": 14.752}, "williams_2017": {"test_loss": 0.7367038726806641, "test_accuracy": 0.8005115089514067, "test_f1": 0.3275862068965517, "test_precision": 0.59375, "test_recall": 0.2261904761904762, "test_roc_auc": 0.6636710873274391, "test_runtime": 0.5543, "test_samples_per_second": 1410.808, "test_steps_per_second": 23.453}}