{"ciurumelea_2017": {"test_loss": 0.48601874709129333, "test_accuracy": 0.8306709265175719, "test_f1": 0.6787878787878788, "test_precision": 0.9032258064516129, "test_recall": 0.5436893203883495, "test_roc_auc": 0.927831715210356, "test_runtime": 0.6642, "test_samples_per_second": 471.241, "test_steps_per_second": 7.528}}