{"guzman_2015": {"test_loss": 0.2602461576461792, "test_accuracy": 0.9085894405043341, "test_f1": 0.40206185567010305, "test_precision": 0.3786407766990291, "test_recall": 0.42857142857142855, "test_roc_auc": 0.8109199798503703, "test_runtime": 2.9901, "test_samples_per_second": 424.397, "test_steps_per_second": 6.689}, "scalabrino_2017_RQ1": {"test_loss": 0.17003434896469116, "test_accuracy": 0.9213286713286714, "test_f1": 0.6762589928057553, "test_precision": 0.7230769230769231, "test_recall": 0.6351351351351351, "test_roc_auc": 0.9613589493107565, "test_runtime": 1.3806, "test_samples_per_second": 414.307, "test_steps_per_second": 6.519}, "scalabrino_2017_RQ3": {"test_loss": 0.4006801247596741, "test_accuracy": 0.8350515463917526, "test_f1": 0.5, "test_precision": 0.41379310344827586, "test_recall": 0.631578947368421, "test_roc_auc": 0.8105887247763678, "test_runtime": 0.5411, "test_samples_per_second": 537.746, "test_steps_per_second": 9.24}, "maalej_2016": {"test_loss": 0.5311457514762878, "test_accuracy": 0.8464163822525598, "test_f1": 0.18181818181818182, "test_precision": 0.3333333333333333, "test_recall": 0.125, "test_roc_auc": 0.7570158102766799, "test_runtime": 0.7126, "test_samples_per_second": 411.186, "test_steps_per_second": 7.017}, "tizard_2019": {"test_loss": 0.32117781043052673, "test_accuracy": 0.8517369727047146, "test_f1": 0.040160642570281124, "test_precision": 0.02092050209205021, "test_recall": 0.5, "test_roc_auc": 0.7944444444444444, "test_runtime": 2.9948, "test_samples_per_second": 538.27, "test_steps_per_second": 8.682}, "williams_2017": {"test_loss": 0.39280277490615845, "test_accuracy": 0.8465408805031447, "test_f1": 0.5514705882352942, "test_precision": 0.6, "test_recall": 0.5102040816326531, "test_roc_auc": 0.8352334761064919, "test_runtime": 0.7032, "test_samples_per_second": 1130.598, "test_steps_per_second": 18.488}}