{"ciurumelea_2017": {"test_loss": 0.8611955046653748, "test_accuracy": 0.6996805111821086, "test_f1": 0.2878787878787879, "test_precision": 0.7037037037037037, "test_recall": 0.18095238095238095, "test_roc_auc": 0.7631868131868131, "test_runtime": 0.3988, "test_samples_per_second": 784.816, "test_steps_per_second": 12.537}, "guzman_2015": {"test_loss": 0.64670330286026, "test_accuracy": 0.7753705815279361, "test_f1": 0.18257261410788383, "test_precision": 0.5365853658536586, "test_recall": 0.11, "test_roc_auc": 0.7614697193500739, "test_runtime": 2.0479, "test_samples_per_second": 428.247, "test_steps_per_second": 6.836}, "scalabrino_2017_RQ1": {"test_loss": 0.6608090400695801, "test_accuracy": 0.7658862876254181, "test_f1": 0.21348314606741572, "test_precision": 0.7307692307692307, "test_recall": 0.125, "test_roc_auc": 0.7887656360632523, "test_runtime": 0.9238, "test_samples_per_second": 647.332, "test_steps_per_second": 10.825}, "scalabrino_2017_RQ3": {"test_loss": 1.9040452241897583, "test_accuracy": 0.36619718309859156, "test_f1": 0.19642857142857145, "test_precision": 0.8461538461538461, "test_recall": 0.1111111111111111, "test_roc_auc": 0.6974395113929996, "test_runtime": 0.2771, "test_samples_per_second": 512.375, "test_steps_per_second": 10.825}, "maalej_2016": {"test_loss": 0.41903042793273926, "test_accuracy": 0.8576388888888888, "test_f1": 0.1276595744680851, "test_precision": 0.2727272727272727, "test_recall": 0.08333333333333333, "test_roc_auc": 0.7375992063492064, "test_runtime": 0.675, "test_samples_per_second": 426.637, "test_steps_per_second": 7.407}, "williams_2017": {"test_loss": 0.72486412525177, "test_accuracy": 0.7237851662404092, "test_f1": 0.1496062992125984, "test_precision": 0.6129032258064516, "test_recall": 0.08520179372197309, "test_roc_auc": 0.7093384246372044, "test_runtime": 0.5447, "test_samples_per_second": 1435.67, "test_steps_per_second": 23.867}}