{"guzman_2015": {"test_loss": 0.3530952036380768, "test_accuracy": 0.87115165336374, "test_f1": 0.19858156028368795, "test_precision": 0.19718309859154928, "test_recall": 0.2, "test_roc_auc": 0.6985484156487873, "test_runtime": 2.0432, "test_samples_per_second": 429.222, "test_steps_per_second": 6.852}, "scalabrino_2017_RQ1": {"test_loss": 0.545937716960907, "test_accuracy": 0.7508361204013378, "test_f1": 0.15819209039548024, "test_precision": 0.12173913043478261, "test_recall": 0.22580645161290322, "test_roc_auc": 0.6697159364467983, "test_runtime": 1.4112, "test_samples_per_second": 423.744, "test_steps_per_second": 7.086}, "scalabrino_2017_RQ3": {"test_loss": 0.9694631695747375, "test_accuracy": 0.6619718309859155, "test_f1": 0.22580645161290322, "test_precision": 0.2692307692307692, "test_recall": 0.19444444444444445, "test_roc_auc": 0.4533542976939204, "test_runtime": 0.2689, "test_samples_per_second": 528.167, "test_steps_per_second": 11.158}, "tizard_2019": {"test_loss": 0.44754844903945923, "test_accuracy": 0.8140495867768595, "test_f1": 0.12903225806451613, "test_precision": 0.078125, "test_recall": 0.37037037037037035, "test_roc_auc": 0.5806178138080856, "test_runtime": 0.8082, "test_samples_per_second": 898.237, "test_steps_per_second": 14.847}, "williams_2017": {"test_loss": 0.723516583442688, "test_accuracy": 0.7199488491048593, "test_f1": 0.29126213592233013, "test_precision": 0.41284403669724773, "test_recall": 0.225, "test_roc_auc": 0.5977491408934708, "test_runtime": 0.539, "test_samples_per_second": 1450.774, "test_steps_per_second": 24.118}}