{"ciurumelea_2017": {"test_loss": 0.27010196447372437, "test_accuracy": 0.8881789137380192, "test_f1": 0.8341232227488152, "test_precision": 0.8301886792452831, "test_recall": 0.8380952380952381, "test_roc_auc": 0.9505494505494506, "test_runtime": 0.4128, "test_samples_per_second": 758.307, "test_steps_per_second": 12.114}, "guzman_2015": {"test_loss": 0.294592946767807, "test_accuracy": 0.8586088939566705, "test_f1": 0.7361702127659575, "test_precision": 0.6407407407407407, "test_recall": 0.865, "test_roc_auc": 0.9444977843426884, "test_runtime": 2.0898, "test_samples_per_second": 419.661, "test_steps_per_second": 6.699}, "scalabrino_2017_RQ1": {"test_loss": 0.22721831500530243, "test_accuracy": 0.8946488294314381, "test_f1": 0.8205128205128206, "test_precision": 0.7236180904522613, "test_recall": 0.9473684210526315, "test_roc_auc": 0.9729761623790418, "test_runtime": 0.9727, "test_samples_per_second": 614.763, "test_steps_per_second": 10.28}, "scalabrino_2017_RQ3": {"test_loss": 0.283821702003479, "test_accuracy": 0.9154929577464789, "test_f1": 0.9400000000000001, "test_precision": 0.9306930693069307, "test_recall": 0.9494949494949495, "test_roc_auc": 0.9361052384308199, "test_runtime": 0.2769, "test_samples_per_second": 512.867, "test_steps_per_second": 10.835}, "maalej_2016": {"test_loss": 0.41067492961883545, "test_accuracy": 0.8194444444444444, "test_f1": 0.4222222222222222, "test_precision": 0.35185185185185186, "test_recall": 0.5277777777777778, "test_roc_auc": 0.8317350088183422, "test_runtime": 0.6876, "test_samples_per_second": 418.829, "test_steps_per_second": 7.271}, "tizard_2019": {"test_loss": 0.34763190150260925, "test_accuracy": 0.8415977961432507, "test_f1": 0.3502824858757062, "test_precision": 0.2818181818181818, "test_recall": 0.4626865671641791, "test_roc_auc": 0.7922677960727471, "test_runtime": 1.2731, "test_samples_per_second": 570.245, "test_steps_per_second": 9.426}, "williams_2017": {"test_loss": 0.34306275844573975, "test_accuracy": 0.850383631713555, "test_f1": 0.7428571428571429, "test_precision": 0.728448275862069, "test_recall": 0.757847533632287, "test_roc_auc": 0.908139935984341, "test_runtime": 0.6032, "test_samples_per_second": 1296.364, "test_steps_per_second": 21.551}}