{"scalabrino_2017_RQ3": {"test_loss": 0.8213098049163818, "test_accuracy": 0.8802816901408451, "test_f1": 0.6222222222222223, "test_precision": 0.6363636363636364, "test_recall": 0.6086956521739131, "test_roc_auc": 0.8578735842162951, "test_runtime": 0.2773, "test_samples_per_second": 512.114, "test_steps_per_second": 10.819}}