{"scalabrino_2017_RQ1": {"test_loss": 0.33167219161987305, "test_accuracy": 0.8695652173913043, "test_f1": 0.7719298245614036, "test_precision": 0.7096774193548387, "test_recall": 0.8461538461538461, "test_roc_auc": 0.9394216266388212, "test_runtime": 1.3966, "test_samples_per_second": 428.177, "test_steps_per_second": 7.16}}