{"guzman_2015": {"test_loss": 0.5554893612861633, "test_accuracy": 0.8882554161915621, "test_f1": 0.057692307692307696, "test_precision": 0.16666666666666666, "test_recall": 0.03488372093023256, "test_roc_auc": 0.6296269073589509, "test_runtime": 2.0424, "test_samples_per_second": 429.403, "test_steps_per_second": 6.855}, "scalabrino_2017_RQ1": {"test_loss": 0.6715183854103088, "test_accuracy": 0.862876254180602, "test_f1": 0.023809523809523808, "test_precision": 0.0625, "test_recall": 0.014705882352941176, "test_roc_auc": 0.635377358490566, "test_runtime": 1.4121, "test_samples_per_second": 423.472, "test_steps_per_second": 7.081}, "scalabrino_2017_RQ3": {"test_loss": 1.61094331741333, "test_accuracy": 0.7394366197183099, "test_f1": 0.05128205128205127, "test_precision": 1.0, "test_recall": 0.02631578947368421, "test_roc_auc": 0.5187246963562754, "test_runtime": 0.2083, "test_samples_per_second": 681.732, "test_steps_per_second": 14.403}, "maalej_2016": {"test_loss": 0.45806270837783813, "test_accuracy": 0.9141104294478528, "test_f1": 0.0, "test_precision": 0.0, "test_recall": 0.0, "test_roc_auc": 0.6168456862065708, "test_runtime": 1.5353, "test_samples_per_second": 424.671, "test_steps_per_second": 7.165}, "williams_2017": {"test_loss": 1.2928787469863892, "test_accuracy": 0.7557544757033248, "test_f1": 0.030456852791878174, "test_precision": 0.5, "test_recall": 0.015706806282722512, "test_roc_auc": 0.6905679432322535, "test_runtime": 0.5571, "test_samples_per_second": 1403.703, "test_steps_per_second": 23.335}}